dealer_up,initial_hand,actions_taken,win
2,"[10, 4]",[['S']],0
6,"[4, 3]","[['H', 'S']]",0
3,"[7, 6]",[['S']],0
3,"[2, 4]","[['H', 'H', 'S']]",0
10,"[5, 9]",[[]],0
6,"[2, 10]",[['S']],1
5,"[8, 7]",[['S']],0
10,"[5, 10]",[['R']],0
10,"[10, 8]",[['S']],1
4,"[3, 8]",[['D']],1
10,"[6, 11]","[['H', 'H', 'H']]",0
5,"[11, 10]",[['S']],1
4,"[3, 10]",[['S']],1
8,"[10, 10]",[['S']],1
6,"[4, 10]",[['S']],1
10,"[10, 7]",[['S']],0
9,"[11, 4]","[['H', 'S']]",0
5,"[10, 3]",[['S']],0
10,"[2, 6]",[[]],0
5,"[4, 6]",[['D']],1
10,"[10, 9]",[['S']],0
5,"[10, 11]",[['S']],1
6,"[4, 2]","[['H', 'S']]",0
10,"[10, 2]",[['H']],0
11,"[11, 10]",[['N']],0
8,"[9, 10]",[['S']],1
2,"[10, 11]",[['S']],1
2,"[4, 5]","[['H', 'H', 'S']]",0
10,"[10, 10]",[['S']],1
5,"[4, 10]",[['S']],1
9,"[3, 5]","[['H', 'H']]",0
8,"[3, 11]","[['H', 'S']]",1
10,"[11, 4]","[['H', 'S']]",0
6,"[8, 4]",[['S']],0
3,"[10, 8]",[['S']],1
4,"[8, 11]",[['S']],0
8,"[4, 10]",[['H']],0
2,"[10, 10]",[['S']],0
10,"[11, 9]",[['S']],1
7,"[10, 6]","[['H', 'S']]",1
3,"[11, 8]",[['S']],0
10,"[10, 6]",[['R']],0
8,"[9, 10]",[['S']],1
10,"[3, 7]",[[]],0
3,"[4, 3]","[['H', 'S']]",1
4,"[10, 7]",[['S']],1
2,"[10, 6]",[['S']],1
11,"[9, 2]",[['N']],0
10,"[10, 10]",[['S']],1
2,"[10, 2]","[['H', 'S']]",0
10,"[9, 4]",[[]],0
10,"[4, 8]",[['H']],0
5,"[8, 4]",[['S']],0
11,"[4, 6]",[['N']],0
10,"[6, 3]","[['H', 'S']]",0
10,"[11, 10]",[['S']],1
3,"[9, 8]",[['S']],1
3,"[10, 10]",[['S']],0
6,"[4, 10]",[['S']],0
5,"[2, 5]","[['H', 'S']]",1
8,"[5, 6]",[['D']],0
7,"[5, 5]",[['D']],0
10,"[10, 9]",[['S']],1
9,"[8, 4]",[['H']],0
3,"[3, 10]",[['S']],1
8,"[3, 10]","[['H', 'H']]",0
11,"[4, 10]","[['N', 'H', 'S']]",0
11,"[10, 7]","[['N', 'R']]",0
5,"[9, 8]",[['S']],1
5,"[7, 8]",[['S']],0
8,"[10, 2]","[['H', 'S']]",0
5,"[10, 4]",[['S']],1
3,"[9, 10]",[['S']],0
2,"[6, 5]",[['D']],1
7,"[5, 10]","[['H', 'S']]",0
10,"[5, 9]",[['H']],0
6,"[7, 6]",[['S']],0
4,"[3, 7]",[['D']],0
10,"[9, 8]",[['S']],0
8,"[10, 10]",[['S']],1
9,"[8, 5]","[['H', 'H', 'S']]",1
10,"[10, 10]",[['S']],1
2,"[10, 10]",[['S']],0
7,"[7, 2]","[['H', 'S']]",1
10,"[5, 5]","[['H', 'S']]",1
2,"[2, 10]","[['H', 'S']]",0
6,"[7, 10]",[['S']],0
11,"[5, 10]","[['N', 'R']]",0
4,"[10, 10]",[['S']],1
10,"[3, 3]","[['H', 'H', 'H']]",0
11,"[6, 9]","[['N', 'R']]",0
6,"[7, 10]",[['S']],1
10,"[10, 9]",[['S']],0
10,"[4, 8]","[['H', 'S']]",0
9,"[10, 10]",[['S']],1
9,"[11, 5]","[['H', 'H']]",0
4,"[2, 10]",[['S']],1
10,"[10, 8]",[['S']],1
9,"[8, 10]",[['S']],0
4,"[4, 4]","[['H', 'S']]",0
11,"[10, 7]","[['N', 'R']]",0
10,"[9, 5]",[['H']],0
11,"[6, 10]","[['N', 'R']]",0
8,"[10, 8]",[['S']],1
4,"[7, 10]",[['S']],0
10,"[6, 8]",[['H']],0
10,"[4, 7]",[['D']],1
10,"[9, 4]","[['H', 'H']]",0
5,"[5, 2]","[['H', 'H', 'S']]",0
6,"[8, 6]",[['S']],0
10,"[3, 9]","[['H', 'S']]",1
7,"[8, 10]",[['S']],1
10,"[10, 7]",[['S']],0
9,"[11, 8]",[['S']],0
8,"[8, 10]",[['S']],0
8,"[4, 10]","[['H', 'S']]",0
8,"[10, 10]",[['S']],0
10,"[6, 5]",[['D']],1
10,"[10, 3]",[['H']],0
10,"[10, 2]","[['H', 'S']]",1
10,"[10, 8]",[['S']],0
9,"[11, 10]",[['S']],1
6,"[2, 3]","[['H', 'S']]",1
9,"[5, 10]",[['H']],0
10,"[10, 7]",[['S']],0
10,"[6, 8]",[['H']],0
10,"[7, 10]",[['S']],1
9,"[11, 7]","[['H', 'H']]",0
10,"[2, 10]","[['H', 'S']]",0
3,"[10, 10]",[['S']],1
9,"[10, 5]","[['H', 'S']]",1
3,"[2, 2]","[['P', 'D'], ['D']]",1
4,"[2, 10]",[['S']],1
11,"[10, 11]","[['N', 'S']]",1
10,"[7, 8]",[['R']],0
6,"[9, 5]",[['S']],0
4,"[5, 3]","[['H', 'S']]",0
5,"[4, 6]",[['D']],0
6,"[11, 10]",[['S']],1
4,"[6, 6]","[['P', 'S'], ['S']]",1
7,"[3, 10]",[['H']],0
5,"[7, 5]",[['S']],0
10,"[4, 2]","[['H', 'H', 'S']]",1
4,"[11, 10]",[['S']],1
7,"[6, 2]","[['H', 'S']]",1
4,"[10, 11]",[['S']],1
10,"[11, 7]",[[]],0
7,"[10, 8]",[['S']],1
10,"[9, 7]",[['R']],0
10,"[3, 8]",[['D']],0
5,"[10, 10]",[['S']],1
10,"[11, 11]","[['P'], []]",1
9,"[8, 2]",[['D']],0
8,"[9, 11]",[['S']],1
11,"[10, 3]","[['N', 'H', 'S']]",1
10,"[9, 4]",[['H']],0
4,"[6, 10]",[['S']],0
9,"[10, 10]",[['S']],0
9,"[6, 11]","[['H', 'S']]",0
3,"[6, 11]",[['D']],0
10,"[2, 8]","[['H', 'H', 'S']]",1
4,"[11, 2]","[['H', 'H', 'S']]",1
9,"[10, 8]",[['S']],0
3,"[6, 10]",[['S']],0
9,"[2, 10]","[['H', 'S']]",0
6,"[5, 10]",[['S']],0
7,"[10, 10]",[['S']],1
7,"[4, 6]",[['D']],0
2,"[2, 10]","[['H', 'S']]",1
10,"[5, 9]","[['H', 'S']]",0
2,"[4, 10]",[['S']],1
4,"[4, 7]",[['D']],0
10,"[9, 2]",[['D']],0
10,"[2, 2]","[['H', 'H', 'S']]",0
7,"[5, 6]",[['D']],1
9,"[5, 10]","[['H', 'S']]",1
6,"[4, 6]",[['D']],0
10,"[7, 10]",[['S']],1
3,"[7, 11]",[['D']],1
10,"[5, 11]","[['H', 'H', 'H', 'H']]",0
4,"[9, 10]",[['S']],0
2,"[10, 5]",[['S']],1
2,"[10, 10]",[['S']],1
10,"[5, 2]","[['H', 'H']]",0
10,"[2, 11]","[['H', 'H']]",0
11,"[4, 6]","[['N', 'H', 'H']]",0
10,"[4, 7]",[['D']],1
6,"[6, 6]","[['P', 'S'], ['D']]",1
11,"[6, 11]","[['N', 'H', 'S']]",1
10,"[10, 4]",[['H']],0
6,"[7, 2]",[['D']],1
4,"[10, 10]",[['S']],0
8,"[11, 6]","[['H', 'H', 'S']]",0
9,"[8, 8]","[['P', 'P', 'S'], ['D'], ['H', 'S']]",0
11,"[10, 10]","[['N', 'S']]",1
2,"[7, 9]",[['S']],1
3,"[10, 3]",[['S']],0
3,"[10, 9]",[['S']],1
7,"[8, 10]",[['S']],0
9,"[9, 8]",[['S']],1
10,"[10, 10]",[[]],0
3,"[10, 5]",[['S']],0
2,"[10, 8]",[['S']],1
5,"[9, 10]",[['S']],1
11,"[2, 10]","[['N', 'H', 'S']]",1
5,"[6, 10]",[['S']],0
10,"[10, 7]",[['S']],1
10,"[10, 5]",[[]],0
6,"[8, 4]",[['S']],0
10,"[3, 5]","[['H', 'S']]",0
3,"[10, 3]",[['S']],1
10,"[10, 3]","[['H', 'H', 'S']]",1
6,"[3, 10]",[['S']],1
9,"[10, 3]",[['H']],0
3,"[4, 7]",[['D']],0
10,"[10, 10]",[['S']],1
4,"[6, 8]",[['S']],1
8,"[5, 10]",[['H']],0
10,"[2, 10]","[['H', 'H', 'S']]",1
11,"[10, 10]","[['N', 'S']]",1
3,"[10, 5]",[['S']],0
4,"[10, 2]",[['S']],0
7,"[5, 2]","[['H', 'H', 'H']]",0
10,"[3, 5]",[[]],0
10,"[8, 7]",[['R']],0
10,"[9, 8]",[['S']],1
10,"[10, 6]",[['R']],0
2,"[4, 3]","[['H', 'S']]",1
10,"[4, 10]","[['H', 'H']]",0
10,"[3, 7]","[['H', 'S']]",0
10,"[10, 10]",[['S']],1
7,"[3, 2]","[['H', 'H']]",0
6,"[10, 8]",[['S']],0
8,"[8, 4]","[['H', 'H', 'H']]",0
6,"[5, 10]",[['S']],0
10,"[10, 5]",[['R']],0
10,"[11, 10]",[['S']],1
8,"[2, 6]","[['H', 'S']]",0
3,"[9, 3]",[['H']],0
10,"[10, 2]","[['H', 'S']]",0
9,"[10, 8]",[['S']],0
9,"[10, 10]",[['S']],1
10,"[9, 3]",[['H']],0
6,"[3, 10]",[['S']],0
6,"[6, 10]",[['S']],0
4,"[2, 3]","[['H', 'S']]",1
10,"[6, 9]",[['R']],0
4,"[10, 6]",[['S']],0
2,"[6, 5]",[['D']],1
8,"[3, 11]","[['H', 'H', 'S']]",1
2,"[11, 3]","[['H', 'S']]",0
7,"[2, 11]","[['H', 'S']]",1
8,"[2, 10]",[['H']],0
10,"[11, 4]","[['H', 'S']]",1
10,"[5, 10]",[['R']],0
11,"[9, 10]","[['N', 'S']]",0
4,"[7, 5]",[['S']],0
4,"[4, 8]",[['S']],0
5,"[10, 11]",[['S']],1
2,"[4, 7]",[['D']],1
6,"[3, 10]",[['S']],0
10,"[7, 5]","[['H', 'S']]",1
10,"[10, 4]","[['H', 'S']]",1
8,"[5, 10]",[['H']],0
10,"[6, 9]",[['R']],0
3,"[11, 5]","[['H', 'S']]",1
11,"[4, 6]","[['N', 'H', 'H']]",0
4,"[2, 2]","[['P', 'S'], ['H', 'S']]",1
8,"[9, 2]",[['D']],1
6,"[10, 6]",[['S']],0
11,"[10, 10]","[['N', 'S']]",1
7,"[8, 10]",[['S']],0
10,"[2, 10]",[['H']],0
9,"[5, 10]","[['H', 'S']]",0
11,"[3, 3]",[['N']],0
3,"[11, 10]",[['S']],1
5,"[8, 8]","[['P', 'D'], ['S']]",1
10,"[6, 10]",[['R']],0
9,"[7, 10]",[['S']],0
5,"[3, 4]","[['H', 'H', 'S']]",1
7,"[3, 5]","[['H', 'S']]",1
10,"[6, 4]","[['H', 'H', 'S']]",0
4,"[10, 6]",[['S']],0
10,"[10, 7]",[['S']],0
7,"[8, 2]",[['D']],0
9,"[4, 9]","[['H', 'S']]",0
9,"[2, 8]",[['D']],0
10,"[11, 7]","[['H', 'H']]",0
6,"[10, 11]",[['S']],1
9,"[11, 5]","[['H', 'S']]",1
10,"[10, 11]",[['S']],1
8,"[9, 5]",[['H']],0
10,"[4, 2]","[['H', 'H', 'H']]",0
4,"[11, 10]",[['S']],1
4,"[4, 2]","[['H', 'S']]",1
9,"[10, 3]","[['H', 'S']]",1
10,"[10, 10]",[['S']],1
4,"[7, 10]",[['S']],0
5,"[6, 6]","[['P', 'S'], ['S']]",1
6,"[10, 10]",[['S']],1
4,"[10, 3]",[['S']],1
10,"[2, 6]","[['H', 'S']]",0
6,"[6, 4]",[['D']],1
10,"[11, 5]","[['H', 'H']]",0
5,"[4, 8]",[['S']],1
3,"[2, 6]","[['H', 'S']]",0
6,"[10, 2]",[['S']],0
11,"[6, 10]","[['N', 'R']]",0
9,"[10, 10]",[['S']],1
6,"[11, 10]",[['S']],1
10,"[10, 9]",[['S']],0
9,"[6, 5]",[['D']],0
5,"[10, 8]",[['S']],1
8,"[4, 10]",[['H']],0
10,"[10, 7]",[['S']],1
10,"[10, 11]",[['S']],1
2,"[9, 5]",[['S']],1
3,"[4, 4]","[['H', 'S']]",0
9,"[10, 10]",[['S']],1
6,"[3, 2]","[['H', 'H', 'H', 'S']]",1
8,"[11, 5]","[['H', 'S']]",1
8,"[2, 11]","[['H', 'H', 'H', 'S']]",0
9,"[10, 10]",[['S']],0
8,"[5, 8]","[['H', 'H', 'H']]",0
10,"[3, 7]","[['H', 'S']]",0
7,"[10, 10]",[['S']],1
6,"[10, 10]",[['S']],1
10,"[4, 10]","[['H', 'H']]",0
6,"[3, 5]","[['H', 'S']]",1
10,"[6, 4]",[[]],0
10,"[10, 6]",[['R']],0
7,"[6, 2]","[['H', 'S']]",1
3,"[4, 2]","[['H', 'H', 'H']]",0
3,"[7, 10]",[['S']],0
4,"[9, 10]",[['S']],0
4,"[10, 3]",[['S']],0
10,"[10, 4]","[['H', 'S']]",0
5,"[5, 9]",[['S']],0
8,"[3, 10]",[['H']],0
5,"[10, 5]",[['S']],0
7,"[7, 7]","[['P', 'S'], ['P', 'S'], ['S']]",0
10,"[4, 10]",[['H']],0
7,"[10, 9]",[['S']],1
6,"[10, 4]",[['S']],0
7,"[10, 11]",[['S']],1
3,"[10, 9]",[['S']],0
5,"[3, 7]",[['D']],1
10,"[8, 11]",[['S']],0
7,"[10, 7]",[['S']],0
10,"[10, 2]",[['H']],0
4,"[10, 10]",[['S']],1
3,"[3, 11]","[['H', 'S']]",1
10,"[10, 9]",[['S']],0
7,"[9, 3]","[['H', 'S']]",1
3,"[5, 10]",[['S']],0
3,"[5, 5]",[['D']],1
8,"[11, 10]",[['S']],1
10,"[7, 4]",[['D']],1
2,"[10, 10]",[['S']],1
10,"[11, 6]","[['H', 'S']]",0
2,"[10, 7]",[['S']],1
5,"[10, 2]",[['S']],0
4,"[6, 10]",[['S']],0
4,"[10, 10]",[['S']],1
3,"[10, 10]",[['S']],1
6,"[11, 3]",[['D']],1
5,"[7, 6]",[['S']],1
3,"[7, 4]",[['D']],1
9,"[10, 11]",[['S']],1
4,"[7, 10]",[['S']],1
11,"[3, 3]",[['N']],0
8,"[10, 2]","[['H', 'S']]",1
10,"[9, 5]","[['H', 'H']]",0
2,"[6, 5]",[['D']],0
2,"[4, 6]",[['D']],1
11,"[10, 3]","[['N', 'H', 'S']]",1
9,"[9, 5]","[['H', 'H', 'S']]",1
10,"[9, 5]",[['H']],0
10,"[6, 9]",[['R']],0
10,"[5, 10]",[['R']],0
6,"[9, 10]",[['S']],1
10,"[11, 10]",[['S']],1
10,"[10, 10]",[['S']],1
10,"[9, 5]","[['H', 'S']]",1
11,"[3, 2]",[['N']],0
8,"[4, 10]",[['H']],0
11,"[10, 10]","[['N', 'S']]",1
10,"[2, 5]","[['H', 'H', 'S']]",1
8,"[10, 4]",[['H']],0
2,"[7, 9]",[['S']],0
7,"[4, 10]","[['H', 'S']]",1
9,"[10, 3]",[['H']],0
6,"[10, 4]",[['S']],1
4,"[11, 10]",[['S']],1
4,"[7, 10]",[['S']],1
2,"[10, 6]",[['S']],0
10,"[10, 10]",[['S']],0
6,"[5, 7]",[['S']],1
10,"[9, 6]",[['R']],0
2,"[7, 10]",[['S']],1
5,"[11, 10]",[['S']],1
8,"[9, 7]",[['H']],0
8,"[5, 11]","[['H', 'H']]",0
10,"[6, 3]","[['H', 'S']]",0
3,"[10, 10]",[['S']],1
10,"[3, 6]","[['H', 'S']]",1
10,"[6, 3]","[['H', 'S']]",1
2,"[10, 2]",[['H']],0
6,"[3, 10]",[['S']],0
5,"[4, 8]",[['S']],0
10,"[10, 2]","[['H', 'S']]",1
6,"[2, 6]","[['H', 'H', 'S']]",0
9,"[5, 10]","[['H', 'S']]",0
11,"[6, 9]","[['N', 'R']]",0
6,"[6, 10]",[['S']],1
7,"[2, 10]","[['H', 'H', 'S']]",0
2,"[10, 10]",[['S']],1
11,"[4, 5]","[['N', 'H', 'S']]",1
4,"[10, 4]",[['S']],1
5,"[9, 10]",[['S']],1
2,"[10, 10]",[['S']],1
8,"[2, 5]","[['H', 'S']]",0
10,"[6, 8]",[['H']],0
5,"[6, 8]",[['S']],1
10,"[5, 10]",[['R']],0
10,"[10, 2]",[['H']],0
7,"[3, 11]","[['H', 'H', 'S']]",0
10,"[3, 9]","[['H', 'S']]",1
10,"[10, 10]",[['S']],0
8,"[9, 2]",[['D']],0
4,"[10, 10]",[['S']],1
10,"[3, 11]","[['H', 'H', 'S']]",1
8,"[7, 10]",[['S']],0
10,"[2, 2]","[['H', 'H', 'S']]",1
2,"[6, 4]",[['D']],0
7,"[9, 10]",[['S']],1
10,"[6, 11]","[['H', 'S']]",1
6,"[7, 10]",[['S']],1
9,"[6, 3]","[['H', 'H', 'S']]",1
7,"[3, 3]","[['P', 'H', 'H', 'H', 'H'], ['H', 'H']]",0
5,"[10, 3]",[['S']],1
10,"[11, 4]","[['H', 'H']]",0
11,"[4, 7]","[['N', 'D']]",0
4,"[6, 3]",[['D']],0
10,"[7, 7]",[['H']],0
4,"[2, 10]",[['S']],0
11,"[6, 6]",[['N']],0
6,"[5, 10]",[['S']],1
10,"[3, 3]","[['H', 'H', 'S']]",1
10,"[8, 10]",[[]],0
10,"[7, 11]","[['H', 'H']]",0
9,"[5, 5]",[['D']],1
6,"[8, 10]",[['S']],1
3,"[10, 2]","[['H', 'S']]",1
9,"[10, 10]",[['S']],1
8,"[4, 11]","[['H', 'H', 'H']]",0
10,"[10, 7]",[['S']],1
6,"[3, 10]",[['S']],0
2,"[10, 2]","[['H', 'S']]",0
9,"[7, 8]",[['H']],0
2,"[10, 10]",[['S']],1
11,"[7, 2]",[['N']],0
10,"[4, 5]","[['H', 'H']]",0
6,"[11, 10]",[['S']],1
9,"[4, 5]","[['H', 'H', 'H']]",0
10,"[9, 6]",[['R']],0
10,"[9, 5]","[['H', 'H']]",0
3,"[10, 10]",[['S']],0
10,"[8, 8]","[['P', 'S'], ['D']]",0
2,"[10, 9]",[['S']],1
10,"[3, 4]","[['H', 'S']]",0
9,"[2, 10]","[['H', 'H']]",0
8,"[11, 6]","[['H', 'S']]",1
4,"[10, 8]",[['S']],0
10,"[6, 10]",[['R']],0
7,"[8, 5]","[['H', 'S']]",1
6,"[2, 11]",[['D']],0
10,"[2, 7]","[['H', 'S']]",1
10,"[3, 10]","[['H', 'S']]",0
4,"[5, 10]",[['S']],1
9,"[10, 6]",[['R']],0
4,"[8, 2]",[['D']],0
10,"[9, 3]","[['H', 'S']]",1
10,"[4, 4]",[[]],0
7,"[7, 7]","[['P', 'D'], ['S']]",0
2,"[11, 4]","[['H', 'H', 'S']]",1
10,"[7, 10]",[['S']],0
10,"[5, 2]","[['H', 'H', 'S']]",1
3,"[3, 3]","[['P', 'S'], ['P', 'S'], ['S']]",0
6,"[5, 10]",[['S']],0
10,"[6, 10]",[['R']],0
5,"[6, 4]",[['D']],1
6,"[6, 11]",[['D']],1
10,"[6, 7]","[['H', 'S']]",0
3,"[10, 3]",[['S']],0
9,"[2, 9]",[['D']],0
10,"[2, 7]","[['H', 'H', 'S']]",1
9,"[7, 10]",[['S']],0
7,"[10, 4]",[['H']],0
10,"[4, 3]","[['H', 'S']]",0
10,"[6, 3]",[[]],0
4,"[9, 9]","[['P', 'S'], ['S']]",1
8,"[10, 9]",[['S']],1
7,"[10, 3]",[['H']],0
5,"[10, 10]",[['S']],1
6,"[7, 10]",[['S']],0
10,"[7, 6]","[['H', 'S']]",1
8,"[8, 9]",[['S']],0
7,"[2, 4]","[['H', 'H', 'S']]",0
7,"[10, 10]",[['S']],1
8,"[9, 10]",[['S']],1
10,"[9, 10]",[['S']],1
10,"[10, 10]",[['S']],1
11,"[8, 5]",[['N']],0
8,"[10, 11]",[['S']],1
5,"[6, 11]",[['D']],0
2,"[10, 10]",[['S']],1
10,"[8, 8]","[['P', 'H', 'S'], ['S']]",0
7,"[9, 10]",[['S']],1
5,"[4, 10]",[['S']],0
5,"[5, 11]",[['D']],1
3,"[10, 8]",[['S']],0
10,"[11, 11]","[['P'], []]",0
11,"[4, 10]","[['N', 'H', 'S']]",1
2,"[10, 9]",[['S']],1
7,"[2, 11]","[['H', 'H', 'S']]",1
3,"[11, 7]",[['D']],1
11,"[10, 6]","[['N', 'R']]",0
6,"[10, 4]",[['S']],0
4,"[5, 2]","[['H', 'S']]",0
3,"[8, 3]",[['D']],0
5,"[7, 4]",[['D']],1
10,"[10, 2]","[['H', 'H']]",0
10,"[9, 7]",[['R']],0
11,"[5, 11]",[['N']],0
10,"[11, 2]","[['H', 'H', 'H']]",0
5,"[2, 8]",[['D']],1
10,"[10, 9]",[['S']],0
10,"[9, 9]",[['S']],0
6,"[3, 6]",[['D']],1
6,"[10, 3]",[['S']],0
2,"[10, 11]",[['S']],1
8,"[2, 3]","[['H', 'H', 'H']]",0
10,"[4, 3]","[['H', 'H', 'H']]",0
4,"[11, 7]",[['D']],0
4,"[10, 10]",[['S']],1
3,"[8, 10]",[['S']],0
3,"[2, 11]","[['H', 'S']]",0
8,"[10, 10]",[['S']],1
10,"[11, 2]","[['H', 'H', 'H', 'S']]",1
9,"[6, 10]",[['R']],0
3,"[3, 10]",[['S']],0
6,"[10, 2]",[['S']],1
6,"[7, 4]",[['D']],0
3,"[8, 10]",[['S']],1
6,"[6, 2]","[['H', 'S']]",0
4,"[3, 5]","[['H', 'S']]",0
9,"[9, 7]",[['R']],0
8,"[6, 5]",[['D']],1
8,"[10, 7]",[['S']],0
7,"[10, 5]","[['H', 'S']]",1
10,"[6, 9]",[['R']],0
10,"[6, 10]",[['R']],0
8,"[10, 10]",[['S']],1
10,"[6, 9]",[['R']],0
10,"[5, 9]",[['H']],0
10,"[8, 8]","[['P', 'S'], ['S']]",0
4,"[10, 8]",[['S']],0
11,"[10, 7]",[['N']],0
7,"[7, 10]",[['S']],0
10,"[8, 2]","[['H', 'H', 'S']]",0
3,"[8, 4]","[['H', 'S']]",1
10,"[11, 5]",[[]],0
6,"[6, 9]",[['S']],1
4,"[10, 5]",[['S']],1
10,"[11, 10]",[['S']],1
9,"[8, 5]",[['H']],0
9,"[5, 10]",[['H']],0
10,"[9, 10]",[['S']],0
10,"[11, 5]","[['H', 'H', 'S']]",0
10,"[7, 4]",[['D']],0
7,"[10, 9]",[['S']],1
10,"[8, 10]",[['S']],0
10,"[10, 9]",[['S']],1
7,"[4, 6]",[['D']],1
4,"[10, 2]",[['S']],1
10,"[10, 7]",[['S']],1
4,"[4, 4]","[['H', 'S']]",0
3,"[11, 6]",[['D']],1
11,"[10, 7]","[['N', 'R']]",0
10,"[11, 2]","[['H', 'S']]",1
6,"[10, 11]",[['S']],1
9,"[6, 10]",[['R']],0
9,"[10, 10]",[['S']],1
8,"[9, 4]",[['H']],0
7,"[10, 11]",[['S']],1
3,"[10, 7]",[['S']],1
6,"[3, 10]",[['S']],1
10,"[4, 11]","[['H', 'H', 'H']]",0
9,"[11, 6]","[['H', 'S']]",0
9,"[11, 10]",[['S']],1
2,"[10, 4]",[['S']],0
3,"[10, 3]",[['S']],0
2,"[10, 3]",[['S']],0
10,"[7, 10]",[['S']],0
10,"[3, 8]",[['D']],0
10,"[3, 7]","[['H', 'S']]",1
10,"[4, 2]","[['H', 'H', 'H']]",0
7,"[7, 7]","[['P', 'H', 'H', 'S'], ['D']]",1
10,"[8, 10]",[[]],0
6,"[6, 6]","[['P', 'D'], ['H', 'S']]",1
5,"[11, 10]",[['S']],1
6,"[9, 11]",[['S']],1
2,"[3, 9]","[['H', 'S']]",0
10,"[10, 11]",[['S']],1
5,"[10, 9]",[['S']],1
10,"[10, 7]",[['S']],0
5,"[6, 2]","[['H', 'S']]",0
10,"[5, 10]",[['R']],0
7,"[8, 4]","[['H', 'H', 'S']]",1
8,"[10, 10]",[['S']],0
3,"[5, 2]","[['H', 'H', 'S']]",0
7,"[3, 2]","[['H', 'H']]",0
10,"[10, 10]",[['S']],1
2,"[10, 7]",[['S']],1
10,"[5, 10]",[['R']],0
5,"[6, 10]",[['S']],0
10,"[10, 4]","[['H', 'H']]",0
8,"[10, 10]",[['S']],1
11,"[2, 10]","[['N', 'H', 'H', 'S']]",1
4,"[10, 9]",[['S']],1
10,"[11, 2]","[['H', 'H', 'S']]",1
9,"[10, 10]",[['S']],1
4,"[4, 5]",[['D']],1
11,"[10, 7]","[['N', 'R']]",0
4,"[9, 10]",[['S']],1
8,"[10, 4]","[['H', 'H']]",0
10,"[5, 6]",[['D']],1
7,"[3, 10]","[['H', 'H', 'S']]",0
10,"[4, 2]","[['H', 'H', 'S']]",0
11,"[10, 5]","[['N', 'R']]",0
9,"[2, 8]",[['D']],0
9,"[10, 10]",[['S']],1
3,"[5, 3]","[['H', 'S']]",0
9,"[2, 2]","[['H', 'H', 'S']]",1
10,"[10, 11]",[['S']],1
10,"[10, 5]",[['R']],0
10,"[6, 10]",[['R']],0
10,"[2, 10]","[['H', 'H', 'S']]",0
10,"[10, 10]",[['S']],0
10,"[10, 8]",[['S']],0
4,"[7, 3]",[['D']],1
10,"[4, 9]","[['H', 'S']]",1
5,"[8, 6]",[['S']],0
8,"[10, 6]","[['H', 'S']]",1
10,"[5, 10]",[['R']],0
8,"[7, 10]",[['S']],0
7,"[5, 10]","[['H', 'S']]",1
11,"[6, 4]","[['N', 'H', 'S']]",0
10,"[6, 8]","[['H', 'S']]",0
2,"[9, 11]",[['S']],1
11,"[6, 5]","[['N', 'D']]",1
8,"[7, 10]",[['S']],1
3,"[4, 10]",[['S']],1
11,"[10, 2]","[['N', 'H', 'S']]",1
10,"[4, 6]",[[]],0
9,"[4, 10]",[['H']],0
2,"[9, 5]",[['S']],0
4,"[10, 4]",[['S']],0
10,"[3, 4]","[['H', 'H', 'H']]",0
5,"[5, 10]",[['S']],1
6,"[11, 10]",[['S']],1
4,"[3, 3]","[['P', 'S'], ['P', 'H', 'H', 'S'], ['D']]",0
9,"[10, 10]",[['S']],1
2,"[9, 10]",[['S']],1
10,"[10, 10]",[['S']],0
10,"[8, 3]",[['D']],0
3,"[11, 3]","[['H', 'S']]",1
10,"[10, 6]",[[]],0
8,"[4, 7]",[['D']],0
10,"[7, 10]",[['S']],0
10,"[10, 8]",[[]],0
10,"[9, 10]",[['S']],1
11,"[7, 6]","[['N', 'H', 'H', 'S']]",1
10,"[5, 4]","[['H', 'H']]",0
2,"[10, 8]",[['S']],0
10,"[2, 10]",[['H']],0
5,"[10, 7]",[['S']],0
8,"[4, 10]","[['H', 'H']]",0
2,"[10, 10]",[['S']],0
11,"[2, 2]","[['N', 'H', 'H', 'H']]",0
6,"[6, 5]",[['D']],0
10,"[5, 11]","[['H', 'H']]",0
2,"[11, 6]","[['H', 'S']]",1
9,"[7, 9]",[['R']],0
3,"[10, 10]",[['S']],1
8,"[10, 10]",[['S']],1
5,"[11, 2]",[['D']],0
9,"[4, 10]",[['H']],0
10,"[9, 7]",[['R']],0
5,"[6, 10]",[['S']],0
9,"[2, 10]","[['H', 'H', 'H']]",0
10,"[10, 6]",[['R']],0
9,"[6, 3]","[['H', 'H', 'H']]",0
10,"[8, 9]",[['S']],0
5,"[9, 9]","[['P', 'S'], ['S']]",0
4,"[10, 8]",[['S']],0
7,"[5, 2]","[['H', 'H', 'S']]",1
5,"[7, 2]",[['D']],0
10,"[2, 10]",[['H']],0
11,"[5, 11]",[['N']],0
4,"[3, 10]",[['S']],0
5,"[5, 8]",[['S']],1
4,"[9, 10]",[['S']],0
10,"[9, 10]",[['S']],0
8,"[11, 10]",[['S']],1
6,"[8, 10]",[['S']],0
10,"[2, 10]","[['H', 'H']]",0
10,"[10, 11]",[['S']],1
2,"[8, 10]",[['S']],0
9,"[5, 8]",[['H']],0
6,"[4, 10]",[['S']],0
7,"[5, 11]","[['H', 'H']]",0
2,"[3, 11]","[['H', 'S']]",1
4,"[9, 4]",[['S']],0
8,"[9, 3]","[['H', 'S']]",1
6,"[3, 9]",[['S']],0
8,"[10, 10]",[['S']],1
8,"[10, 7]",[['S']],0
2,"[10, 8]",[['S']],1
4,"[10, 10]",[['S']],1
7,"[5, 10]","[['H', 'S']]",0
4,"[6, 10]",[['S']],1
5,"[6, 11]",[['D']],0
9,"[9, 10]",[['S']],0
10,"[3, 10]","[['H', 'H', 'S']]",0
10,"[8, 6]",[['H']],0
7,"[4, 2]","[['H', 'H', 'H']]",0
11,"[10, 5]",[['N']],0
6,"[7, 4]",[['D']],1
6,"[6, 11]",[['D']],1
5,"[8, 4]",[['S']],1
5,"[10, 11]",[['S']],1
3,"[6, 10]",[['S']],0
10,"[8, 3]",[['D']],0
2,"[10, 3]",[['S']],1
4,"[9, 11]",[['S']],1
8,"[6, 11]","[['H', 'H']]",0
8,"[3, 10]",[['H']],0
11,"[10, 10]","[['N', 'S']]",0
2,"[10, 9]",[['S']],1
11,"[7, 2]",[['N']],0
10,"[4, 5]","[['H', 'H']]",0
10,"[10, 3]","[['H', 'S']]",0
5,"[10, 10]",[['S']],1
2,"[2, 2]","[['P', 'H', 'H', 'S'], ['H', 'S']]",1
10,"[10, 10]",[['S']],1
10,"[10, 9]",[['S']],0
5,"[2, 2]","[['P', 'D'], ['D']]",0
3,"[7, 6]",[['S']],1
2,"[2, 3]","[['H', 'H', 'S']]",0
3,"[10, 7]",[['S']],0
4,"[5, 5]",[['D']],1
10,"[10, 11]",[['S']],1
10,"[3, 10]","[['H', 'H']]",0
5,"[10, 2]",[['S']],1
7,"[7, 10]",[['S']],0
3,"[3, 10]",[['S']],0
2,"[9, 9]","[['P', 'S'], ['S']]",1
6,"[4, 9]",[['S']],1
6,"[10, 5]",[['S']],0
6,"[11, 3]",[['D']],1
5,"[10, 5]",[['S']],1
11,"[4, 4]",[['N']],0
2,"[10, 7]",[['S']],1
10,"[3, 10]",[[]],0
11,"[6, 9]","[['N', 'R']]",0
10,"[8, 3]",[['D']],0
10,"[10, 10]",[['S']],0
3,"[10, 8]",[['S']],1
3,"[3, 10]",[['S']],1
5,"[5, 2]","[['H', 'H', 'S']]",1
6,"[3, 10]",[['S']],0
5,"[10, 3]",[['S']],0
11,"[6, 7]","[['N', 'H', 'H', 'S']]",0
10,"[10, 3]",[['H']],0
4,"[11, 6]",[['D']],1
10,"[10, 5]",[['R']],0
4,"[9, 4]",[['S']],1
3,"[2, 3]","[['H', 'H', 'S']]",0
10,"[10, 3]","[['H', 'S']]",0
8,"[10, 10]",[['S']],0
11,"[7, 10]","[['N', 'R']]",0
9,"[10, 6]",[['R']],0
10,"[2, 2]","[['H', 'H', 'S']]",0
7,"[3, 9]","[['H', 'H']]",0
10,"[10, 5]",[['R']],0
7,"[2, 10]","[['H', 'S']]",1
6,"[2, 10]",[['S']],1
10,"[6, 10]",[['R']],0
11,"[11, 3]",[['N']],0
10,"[2, 10]",[[]],0
2,"[2, 2]","[['P', 'H', 'S'], ['H', 'H', 'S']]",0
7,"[11, 10]",[['S']],1
4,"[5, 7]",[['S']],0
2,"[10, 4]",[['S']],0
10,"[5, 10]",[['R']],0
8,"[9, 10]",[['S']],1
10,"[6, 6]",[[]],0
7,"[10, 10]",[['S']],1
9,"[10, 7]",[['S']],0
6,"[10, 10]",[['S']],1
10,"[10, 10]",[['S']],1
10,"[10, 11]",[['S']],1
9,"[6, 6]",[['H']],0
8,"[3, 11]","[['H', 'H', 'S']]",0
5,"[10, 9]",[['S']],1
2,"[5, 7]","[['H', 'S']]",1
3,"[4, 5]",[['D']],1
5,"[8, 10]",[['S']],1
2,"[2, 8]",[['D']],1
10,"[8, 3]",[['D']],0
10,"[10, 8]",[['S']],0
5,"[11, 4]",[['D']],0
4,"[7, 4]",[['D']],1
7,"[9, 10]",[['S']],1
8,"[7, 8]","[['H', 'H', 'S']]",0
5,"[10, 10]",[['S']],1
8,"[3, 10]","[['H', 'S']]",1
6,"[6, 11]",[['D']],0
10,"[11, 10]",[['S']],1
5,"[2, 6]","[['H', 'S']]",1
4,"[6, 9]",[['S']],1
8,"[9, 7]",[['H']],0
7,"[3, 11]","[['H', 'S']]",1
4,"[9, 2]",[['D']],1
10,"[4, 11]","[['H', 'H', 'S']]",0
10,"[7, 3]","[['H', 'S']]",0
2,"[10, 10]",[['S']],0
4,"[10, 10]",[['S']],1
10,"[10, 6]",[['R']],0
4,"[11, 5]",[['D']],0
10,"[10, 10]",[['S']],1
10,"[9, 10]",[['S']],0
10,"[9, 3]",[[]],0
3,"[11, 10]",[['S']],1
5,"[6, 10]",[['S']],0
2,"[8, 2]",[['D']],1
9,"[11, 8]",[['S']],0
10,"[9, 10]",[['S']],1
7,"[5, 10]","[['H', 'H', 'S']]",1
5,"[9, 2]",[['D']],1
7,"[10, 9]",[['S']],0
6,"[8, 11]",[['D']],1
7,"[2, 5]","[['H', 'H']]",0
10,"[4, 2]","[['H', 'H', 'S']]",1
6,"[8, 4]",[['S']],1
10,"[10, 11]",[['S']],1
3,"[3, 11]","[['H', 'S']]",0
8,"[6, 10]",[['H']],0
10,"[9, 4]",[['H']],0
10,"[3, 6]","[['H', 'H', 'S']]",1
9,"[10, 9]",[['S']],0
4,"[10, 10]",[['S']],1
10,"[4, 10]","[['H', 'S']]",1
10,"[3, 11]",[[]],0
10,"[3, 10]",[['H']],0
3,"[2, 3]","[['H', 'H', 'S']]",0
10,"[5, 5]","[['H', 'H', 'S']]",0
10,"[10, 10]",[[]],0
8,"[10, 4]","[['H', 'S']]",0
10,"[10, 3]","[['H', 'H']]",0
9,"[2, 4]","[['H', 'H']]",0
3,"[7, 2]",[['D']],0
10,"[3, 8]",[['D']],1
4,"[8, 4]",[['S']],1
7,"[10, 4]","[['H', 'S']]",1
9,"[6, 3]","[['H', 'H', 'S']]",1
10,"[10, 10]",[['S']],1
10,"[2, 10]",[['H']],0
8,"[5, 2]","[['H', 'S']]",0
8,"[5, 8]","[['H', 'S']]",0
3,"[10, 2]","[['H', 'S']]",1
2,"[10, 10]",[['S']],1
5,"[6, 8]",[['S']],0
11,"[10, 10]","[['N', 'S']]",1
8,"[5, 2]","[['H', 'H', 'S']]",0
10,"[10, 7]",[[]],0
6,"[7, 8]",[['S']],1
7,"[6, 9]",[['H']],0
8,"[2, 6]","[['H', 'H', 'S']]",1
10,"[9, 8]",[['S']],0
9,"[8, 10]",[['S']],1
8,"[3, 6]","[['H', 'H']]",0
7,"[2, 11]","[['H', 'H', 'H', 'S']]",1
10,"[11, 10]",[['S']],1
5,"[9, 9]","[['P', 'S'], ['S']]",1
4,"[9, 8]",[['S']],0
10,"[5, 7]",[['H']],0
10,"[10, 3]",[[]],0
8,"[9, 7]",[['H']],0
10,"[10, 4]","[['H', 'S']]",1
3,"[2, 11]","[['H', 'H', 'S']]",0
3,"[10, 2]",[['H']],0
8,"[11, 4]","[['H', 'S']]",0
6,"[6, 7]",[['S']],0
7,"[3, 6]","[['H', 'S']]",1
10,"[4, 11]","[['H', 'H']]",0
10,"[7, 11]","[['H', 'S']]",1
10,"[4, 10]",[['H']],0
11,"[10, 10]","[['N', 'S']]",1
3,"[6, 6]","[['P', 'S'], ['D']]",0
2,"[10, 11]",[['S']],1
10,"[10, 10]",[['S']],0
4,"[8, 9]",[['S']],1
10,"[4, 10]",[['H']],0
8,"[2, 3]","[['H', 'H', 'H']]",0
10,"[3, 2]","[['H', 'H', 'S']]",0
9,"[10, 3]","[['H', 'H', 'H']]",0
5,"[7, 2]",[['D']],1
10,"[10, 2]","[['H', 'H', 'S']]",0
5,"[2, 4]","[['H', 'S']]",0
9,"[5, 5]",[['D']],1
4,"[4, 2]","[['H', 'H', 'S']]",1
8,"[10, 9]",[['S']],1
10,"[7, 10]",[['S']],0
3,"[10, 11]",[['S']],1
6,"[5, 5]",[['D']],1
10,"[10, 3]","[['H', 'S']]",0
10,"[10, 2]","[['H', 'S']]",0
11,"[10, 5]","[['N', 'R']]",0
2,"[3, 6]","[['H', 'H', 'S']]",0
2,"[2, 5]","[['H', 'H', 'S']]",1
10,"[11, 10]",[['S']],1
9,"[4, 7]",[['D']],0
9,"[10, 8]",[['S']],1
4,"[10, 10]",[['S']],1
10,"[3, 6]",[[]],0
2,"[6, 5]",[['D']],1
10,"[10, 5]",[['R']],0
10,"[10, 10]",[['S']],1
10,"[10, 2]",[['H']],0
6,"[2, 10]",[['S']],0
5,"[7, 4]",[['D']],0
6,"[10, 3]",[['S']],0
7,"[10, 9]",[['S']],1
2,"[9, 4]",[['S']],0
5,"[11, 7]",[['D']],0
11,"[10, 10]",[['N']],0
11,"[9, 10]","[['N', 'S']]",1
5,"[10, 2]",[['S']],0
9,"[11, 10]",[['S']],1
11,"[7, 3]","[['N', 'H', 'S']]",1
10,"[10, 4]",[['H']],0
6,"[8, 6]",[['S']],0
10,"[3, 11]","[['H', 'H', 'S']]",0
9,"[11, 5]","[['H', 'H', 'H']]",0
9,"[4, 7]",[['D']],1
10,"[6, 4]",[[]],0
11,"[6, 4]","[['N', 'H', 'H', 'S']]",1
10,"[2, 10]","[['H', 'H']]",0
6,"[11, 7]",[['D']],1
10,"[4, 9]","[['H', 'H', 'S']]",0
2,"[10, 7]",[['S']],0
10,"[10, 9]",[['S']],0
9,"[3, 7]",[['D']],0
2,"[9, 10]",[['S']],0
3,"[10, 2]","[['H', 'S']]",1
10,"[8, 10]",[['S']],0
8,"[9, 10]",[['S']],1
9,"[10, 2]","[['H', 'S']]",1
11,"[4, 8]",[['N']],0
7,"[7, 10]",[['S']],0
10,"[2, 5]","[['H', 'S']]",0
6,"[11, 10]",[['S']],1
10,"[3, 10]","[['H', 'S']]",1
6,"[3, 2]","[['H', 'H', 'S']]",1
5,"[9, 10]",[['S']],1
2,"[10, 10]",[['S']],1
10,"[3, 3]","[['H', 'H', 'H', 'H']]",0
2,"[10, 10]",[['S']],1
8,"[6, 9]",[['H']],0
10,"[8, 10]",[['S']],0
11,"[8, 6]",[['N']],0
2,"[4, 11]","[['H', 'S']]",0
9,"[11, 2]","[['H', 'H', 'S']]",1
9,"[7, 10]",[['S']],0
9,"[4, 10]",[['H']],0
7,"[4, 6]",[['D']],0
8,"[5, 10]",[['H']],0
11,"[9, 10]","[['N', 'S']]",0
9,"[4, 8]","[['H', 'S']]",0
11,"[6, 2]","[['N', 'H', 'S']]",1
10,"[8, 10]",[[]],0
6,"[8, 10]",[['S']],1
10,"[5, 8]",[['H']],0
5,"[10, 7]",[['S']],0
9,"[11, 8]",[['S']],1
10,"[10, 10]",[['S']],0
10,"[10, 7]",[['S']],0
10,"[4, 4]","[['H', 'S']]",1
3,"[8, 9]",[['S']],1
10,"[10, 3]",[['H']],0
10,"[10, 3]",[['H']],0
7,"[5, 3]","[['H', 'H', 'S']]",0
5,"[2, 7]",[['D']],1
10,"[10, 7]",[['S']],0
9,"[4, 4]","[['H', 'H', 'H', 'S']]",1
7,"[10, 10]",[['S']],1
10,"[4, 5]","[['H', 'S']]",1
8,"[3, 9]","[['H', 'S']]",0
5,"[10, 3]",[['S']],1
8,"[9, 11]",[['S']],1
2,"[4, 10]",[['S']],1
10,"[5, 4]","[['H', 'H', 'S']]",0
3,"[3, 6]",[['D']],0
10,"[4, 10]","[['H', 'H']]",0
3,"[7, 5]",[['H']],0
9,"[4, 10]","[['H', 'S']]",1
11,"[4, 10]","[['N', 'H', 'S']]",0
10,"[2, 10]","[['H', 'H']]",0
8,"[10, 10]",[['S']],1
10,"[2, 7]","[['H', 'H', 'S']]",1
9,"[10, 11]",[['S']],1
11,"[10, 3]","[['N', 'H']]",0
5,"[10, 10]",[['S']],1
10,"[4, 2]","[['H', 'H', 'S']]",1
10,"[2, 6]","[['H', 'H', 'S']]",1
9,"[10, 2]",[['H']],0
9,"[5, 10]",[['H']],0
2,"[8, 10]",[['S']],1
10,"[6, 10]",[['R']],0
7,"[11, 2]","[['H', 'H', 'S']]",0
8,"[10, 8]",[['S']],1
2,"[2, 10]",[['H']],0
10,"[10, 11]",[['S']],1
6,"[4, 4]","[['P', 'H', 'S'], ['D']]",1
11,"[4, 10]","[['N', 'H']]",0
3,"[4, 11]","[['H', 'S']]",1
10,"[2, 7]","[['H', 'S']]",0
2,"[10, 7]",[['S']],1
5,"[7, 5]",[['S']],0
10,"[10, 5]",[['R']],0
8,"[10, 10]",[['S']],1
8,"[4, 11]","[['H', 'H', 'S']]",0
10,"[6, 10]",[['R']],0
2,"[9, 4]",[['S']],0
11,"[8, 5]","[['N', 'H']]",0
10,"[10, 8]",[['S']],0
11,"[11, 5]","[['N', 'H', 'S']]",0
11,"[10, 10]","[['N', 'S']]",1
9,"[7, 4]",[['D']],1
6,"[6, 6]","[['P', 'D'], ['S']]",0
10,"[10, 10]",[['S']],0
3,"[10, 5]",[['S']],1
10,"[10, 10]",[['S']],1
2,"[7, 10]",[['S']],0
2,"[10, 10]",[['S']],0
10,"[10, 9]",[['S']],0
9,"[8, 10]",[['S']],0
6,"[10, 6]",[['S']],1
3,"[10, 8]",[['S']],1
10,"[5, 11]","[['H', 'S']]",1
7,"[11, 10]",[['S']],1
8,"[10, 4]","[['H', 'S']]",1
3,"[3, 7]",[['D']],0
4,"[10, 8]",[['S']],1
8,"[9, 5]",[['H']],0
2,"[10, 3]",[['S']],0
4,"[11, 10]",[['S']],1
10,"[5, 7]",[['H']],0
2,"[7, 4]",[['D']],0
11,"[5, 5]","[['N', 'H', 'S']]",1
5,"[10, 10]",[['S']],1
10,"[8, 10]",[['S']],0
10,"[3, 3]","[['H', 'H', 'H', 'S']]",0
5,"[10, 7]",[['S']],1
9,"[2, 4]","[['H', 'H']]",0
10,"[9, 10]",[['S']],0
10,"[9, 8]",[['S']],0
4,"[6, 3]",[['D']],1
8,"[8, 10]",[['S']],1
10,"[8, 10]",[['S']],0
4,"[7, 4]",[['D']],1
10,"[9, 9]",[[]],0
10,"[3, 10]","[['H', 'S']]",0
9,"[11, 7]","[['H', 'S']]",1
5,"[10, 9]",[['S']],0
11,"[5, 2]","[['N', 'H', 'H']]",0
10,"[6, 10]",[['R']],0
10,"[4, 6]","[['H', 'S']]",0
9,"[8, 6]","[['H', 'S']]",0
10,"[11, 3]","[['H', 'H']]",0
10,"[10, 10]",[['S']],1
6,"[2, 10]",[['S']],0
10,"[11, 6]","[['H', 'S']]",1
11,"[5, 10]","[['N', 'R']]",0
4,"[2, 9]",[['D']],1
4,"[11, 10]",[['S']],1
3,"[7, 4]",[['D']],0
10,"[10, 8]",[['S']],1
9,"[10, 10]",[['S']],1
11,"[10, 3]","[['N', 'H']]",0
2,"[3, 10]",[['S']],0
4,"[4, 10]",[['S']],1
10,"[4, 5]","[['H', 'H', 'S']]",1
5,"[6, 3]",[['D']],0
11,"[9, 9]",[['N']],0
10,"[10, 5]",[['R']],0
5,"[10, 10]",[['S']],1
10,"[10, 2]","[['H', 'S']]",1
4,"[10, 10]",[['S']],0
10,"[2, 3]","[['H', 'H', 'S']]",1
3,"[10, 10]",[['S']],1
11,"[3, 5]","[['N', 'H', 'S']]",0
10,"[10, 7]",[['S']],0
2,"[2, 3]","[['H', 'H', 'S']]",1
5,"[8, 6]",[['S']],1
7,"[8, 7]","[['H', 'S']]",0
5,"[6, 8]",[['S']],0
10,"[5, 10]",[['R']],0
10,"[10, 4]","[['H', 'S']]",1
8,"[4, 6]",[['D']],1
11,"[6, 8]",[['N']],0
6,"[10, 7]",[['S']],0
10,"[4, 10]","[['H', 'S']]",0
7,"[8, 7]",[['H']],0
3,"[8, 11]",[['S']],1
3,"[7, 6]",[['S']],1
7,"[8, 6]",[['H']],0
5,"[10, 5]",[['S']],1
10,"[10, 10]",[['S']],1
4,"[6, 10]",[['S']],0
10,"[10, 8]",[['S']],0
5,"[2, 4]","[['H', 'H', 'S']]",1
7,"[10, 2]",[['H']],0
10,"[4, 10]","[['H', 'H']]",0
10,"[2, 10]",[['H']],0
6,"[8, 6]",[['S']],0
2,"[4, 2]","[['H', 'S']]",0
11,"[2, 10]","[['N', 'H', 'S']]",0
3,"[4, 8]","[['H', 'S']]",1
11,"[3, 8]",[['N']],0
10,"[8, 10]",[['S']],1
8,"[8, 10]",[['S']],0
10,"[6, 10]",[['R']],0
4,"[8, 8]","[['P', 'S'], ['S']]",1
10,"[4, 10]","[['H', 'H', 'S']]",0
8,"[10, 3]",[['H']],0
3,"[6, 2]","[['H', 'S']]",1
10,"[10, 6]",[[]],0
6,"[5, 11]",[['D']],1
11,"[9, 10]",[['N']],0
7,"[7, 5]","[['H', 'S']]",1
9,"[3, 9]",[['H']],0
4,"[4, 6]",[['D']],1
8,"[11, 8]",[['S']],1
6,"[2, 10]",[['S']],1
11,"[4, 10]","[['N', 'H']]",0
2,"[10, 2]","[['H', 'S']]",0
5,"[10, 7]",[['S']],1
9,"[10, 8]",[['S']],0
9,"[10, 7]",[['S']],0
7,"[10, 10]",[['S']],1
3,"[10, 4]",[['S']],0
10,"[11, 11]","[['P'], []]",1
5,"[7, 9]",[['S']],0
11,"[10, 8]","[['N', 'S']]",0
5,"[11, 5]",[['D']],1
6,"[9, 10]",[['S']],1
10,"[7, 9]",[['R']],0
6,"[2, 10]",[['S']],1
6,"[9, 10]",[['S']],0
7,"[10, 4]","[['H', 'H', 'S']]",1
6,"[4, 11]",[['D']],0
10,"[10, 8]",[['S']],0
3,"[3, 10]",[['S']],1
5,"[9, 2]",[['D']],0
11,"[11, 2]","[['N', 'H', 'H', 'H', 'S']]",0
2,"[10, 10]",[['S']],0
8,"[4, 8]",[['H']],0
10,"[5, 10]",[['R']],0
3,"[10, 3]",[['S']],0
10,"[7, 5]","[['H', 'H']]",0
10,"[4, 4]","[['H', 'H', 'S']]",1
10,"[2, 7]","[['H', 'H', 'S']]",0
7,"[10, 10]",[['S']],1
10,"[2, 4]","[['H', 'H']]",0
10,"[6, 8]","[['H', 'S']]",0
11,"[3, 10]",[['N']],0
9,"[11, 11]","[['P'], []]",0
10,"[7, 9]",[[]],0
11,"[10, 5]","[['N', 'R']]",0
5,"[10, 4]",[['S']],0
6,"[6, 3]",[['D']],0
7,"[8, 7]",[['H']],0
10,"[11, 5]","[['H', 'S']]",1
10,"[6, 5]",[['D']],0
10,"[5, 2]",[[]],0
4,"[4, 10]",[['S']],0
2,"[10, 2]",[['H']],0
10,"[6, 10]",[['R']],0
10,"[10, 10]",[['S']],0
8,"[3, 4]","[['H', 'H', 'H']]",0
11,"[2, 11]","[['N', 'H', 'S']]",1
6,"[10, 6]",[['S']],0
10,"[4, 8]","[['H', 'H']]",0
10,"[9, 4]","[['H', 'S']]",0
5,"[5, 5]",[['D']],0
7,"[4, 3]","[['H', 'S']]",1
10,"[10, 3]",[['H']],0
3,"[2, 10]","[['H', 'S']]",1
10,"[4, 3]","[['H', 'H', 'S']]",0
8,"[7, 6]","[['H', 'S']]",0
10,"[3, 5]","[['H', 'H']]",0
10,"[9, 10]",[['S']],1
2,"[10, 4]",[['S']],0
10,"[10, 10]",[['S']],1
10,"[3, 10]","[['H', 'S']]",0
10,"[2, 6]","[['H', 'S']]",0
2,"[7, 7]","[['P', 'D'], ['S']]",1
10,"[11, 10]",[['S']],1
7,"[11, 10]",[['S']],1
10,"[10, 8]",[['S']],1
10,"[7, 2]","[['H', 'S']]",0
8,"[10, 8]",[['S']],1
10,"[11, 10]",[['S']],1
10,"[10, 4]","[['H', 'S']]",0
7,"[10, 6]","[['H', 'S']]",0
3,"[9, 10]",[['S']],1
6,"[10, 10]",[['S']],1
11,"[8, 10]","[['N', 'S']]",1
7,"[10, 10]",[['S']],1
10,"[9, 5]",[['H']],0
6,"[10, 10]",[['S']],1
9,"[5, 6]",[['D']],1
9,"[2, 10]","[['H', 'S']]",0
10,"[10, 10]",[['S']],0
10,"[7, 9]",[['R']],0
7,"[11, 10]",[['S']],1
4,"[7, 2]",[['D']],0
11,"[6, 11]","[['N', 'H', 'H', 'S']]",0
5,"[2, 10]",[['S']],1
4,"[9, 2]",[['D']],0
5,"[10, 11]",[['S']],1
10,"[5, 2]","[['H', 'H', 'S']]",1
10,"[3, 10]","[['H', 'S']]",0
4,"[10, 5]",[['S']],1
10,"[10, 11]",[[]],0
10,"[6, 6]","[['H', 'H', 'S']]",0
9,"[7, 10]",[['S']],1
5,"[3, 10]",[['S']],1
3,"[7, 10]",[['S']],0
5,"[10, 10]",[['S']],1
6,"[10, 5]",[['S']],1
11,"[10, 7]","[['N', 'R']]",0
6,"[4, 5]",[['D']],1
9,"[6, 9]",[['H']],0
7,"[4, 10]",[['H']],0
7,"[4, 3]","[['H', 'S']]",1
4,"[2, 5]","[['H', 'S']]",1
10,"[10, 11]",[['S']],1
10,"[3, 7]","[['H', 'H', 'H']]",0
7,"[6, 10]",[['H']],0
11,"[10, 7]",[['N']],0
3,"[3, 2]","[['H', 'S']]",1
10,"[8, 10]",[['S']],0
8,"[11, 11]","[['P'], []]",0
7,"[10, 5]",[['H']],0
10,"[4, 11]","[['H', 'S']]",0
4,"[5, 6]",[['D']],1
8,"[11, 10]",[['S']],1
10,"[7, 5]","[['H', 'H']]",0
10,"[10, 10]",[[]],0
5,"[10, 10]",[['S']],1
10,"[3, 7]","[['H', 'S']]",1
4,"[8, 5]",[['S']],0
5,"[10, 10]",[['S']],1
6,"[2, 3]","[['H', 'S']]",1
7,"[7, 5]",[['H']],0
5,"[5, 7]",[['S']],1
2,"[11, 4]","[['H', 'H', 'S']]",0
10,"[3, 10]",[['H']],0
6,"[10, 8]",[['S']],1
9,"[8, 10]",[['S']],0
8,"[8, 10]",[['S']],0
11,"[2, 9]","[['N', 'D']]",1
4,"[11, 3]","[['H', 'S']]",0
7,"[4, 2]","[['H', 'H', 'S']]",0
10,"[4, 10]","[['H', 'S']]",0
10,"[11, 9]",[['S']],1
10,"[4, 7]",[['D']],1
9,"[4, 11]","[['H', 'H']]",0
5,"[11, 10]",[['S']],1
11,"[11, 7]","[['N', 'H', 'H']]",0
5,"[8, 6]",[['S']],0
5,"[3, 9]",[['S']],0
8,"[10, 5]","[['H', 'S']]",0
5,"[3, 10]",[['S']],1
10,"[10, 7]",[['S']],1
11,"[2, 3]","[['N', 'H', 'H', 'S']]",0
9,"[10, 4]","[['H', 'H']]",0
10,"[2, 11]","[['H', 'H', 'S']]",1
11,"[10, 8]",[['N']],0
9,"[2, 7]","[['H', 'S']]",0
10,"[2, 8]","[['H', 'H', 'S']]",1
9,"[11, 10]",[['S']],1
10,"[8, 5]",[['H']],0
10,"[6, 3]","[['H', 'H', 'S']]",0
10,"[3, 2]","[['H', 'H', 'S']]",1
10,"[5, 4]","[['H', 'H']]",0
6,"[10, 3]",[['S']],0
10,"[10, 10]",[['S']],0
6,"[3, 10]",[['S']],0
5,"[10, 7]",[['S']],1
6,"[9, 10]",[['S']],1
10,"[10, 9]",[[]],0
10,"[10, 6]",[['R']],0
2,"[4, 10]",[['S']],0
10,"[11, 10]",[[]],0
7,"[6, 9]",[['H']],0
10,"[7, 10]",[['S']],0
10,"[3, 8]",[['D']],0
10,"[11, 9]",[[]],0
2,"[8, 10]",[['S']],1
3,"[9, 8]",[['S']],0
7,"[3, 5]","[['H', 'H', 'S']]",1
11,"[9, 4]",[['N']],0
7,"[9, 3]","[['H', 'S']]",1
7,"[8, 9]",[['S']],0
2,"[10, 10]",[['S']],1
10,"[10, 11]",[['S']],1
5,"[9, 4]",[['S']],0
10,"[10, 4]","[['H', 'S']]",1
11,"[10, 3]","[['N', 'H', 'H', 'S']]",0
2,"[10, 4]",[['S']],1
4,"[10, 2]",[['S']],0
5,"[7, 6]",[['S']],0
5,"[5, 10]",[['S']],0
2,"[9, 10]",[['S']],0
9,"[2, 2]","[['H', 'H']]",0
6,"[11, 10]",[['S']],1
10,"[10, 2]","[['H', 'S']]",0
10,"[9, 11]",[['S']],1
5,"[11, 10]",[['S']],1
7,"[4, 10]",[['H']],0
5,"[5, 4]",[['D']],0
10,"[3, 10]","[['H', 'S']]",1
4,"[3, 6]",[['D']],0
8,"[6, 10]","[['H', 'S']]",1
8,"[9, 7]",[['H']],0
10,"[10, 10]",[['S']],0
9,"[6, 10]",[['R']],0
10,"[9, 3]","[['H', 'S']]",0
8,"[11, 8]",[['S']],0
10,"[6, 10]",[['R']],0
3,"[10, 10]",[['S']],1
10,"[11, 9]",[['S']],0
10,"[8, 10]",[['S']],1
6,"[8, 2]",[['D']],1
2,"[2, 4]","[['H', 'H', 'S']]",1
6,"[10, 2]",[['S']],0
7,"[3, 6]","[['H', 'S']]",1
8,"[6, 7]","[['H', 'H', 'S']]",1
3,"[10, 10]",[['S']],1
10,"[3, 5]","[['H', 'S']]",0
4,"[10, 10]",[['S']],1
3,"[10, 11]",[['S']],1
10,"[4, 7]",[['D']],0
2,"[10, 7]",[['S']],0
5,"[3, 7]",[['D']],1
10,"[8, 10]",[['S']],1
2,"[10, 4]",[['S']],1
2,"[8, 3]",[['D']],1
11,"[7, 10]","[['N', 'R']]",0
6,"[4, 11]",[['D']],0
11,"[5, 5]","[['N', 'H', 'H', 'H', 'S']]",0
4,"[11, 6]",[['D']],1
7,"[10, 6]","[['H', 'S']]",1
10,"[2, 7]","[['H', 'S']]",1
10,"[9, 11]",[['S']],0
10,"[10, 5]",[['R']],0
10,"[6, 10]",[['R']],0
6,"[4, 10]",[['S']],0
11,"[3, 4]","[['N', 'H', 'S']]",0
4,"[10, 9]",[['S']],1
10,"[3, 5]","[['H', 'S']]",0
11,"[2, 9]","[['N', 'D']]",0
3,"[10, 6]",[['S']],0
10,"[2, 7]","[['H', 'H', 'S']]",1
5,"[9, 4]",[['S']],1
4,"[5, 11]",[['D']],1
2,"[6, 10]",[['S']],1
10,"[10, 5]",[['R']],0
8,"[4, 10]","[['H', 'S']]",1
7,"[9, 10]",[['S']],1
2,"[3, 6]","[['H', 'S']]",0
10,"[10, 5]",[['R']],0
3,"[10, 9]",[['S']],0
10,"[3, 7]","[['H', 'S']]",1
10,"[10, 10]",[['S']],0
8,"[4, 10]","[['H', 'S']]",0
8,"[11, 6]","[['H', 'S']]",1
9,"[10, 10]",[['S']],1
8,"[9, 5]","[['H', 'S']]",1
10,"[10, 4]","[['H', 'S']]",1
9,"[10, 10]",[['S']],0
10,"[10, 7]",[['S']],1
6,"[10, 5]",[['S']],1
9,"[10, 10]",[['S']],1
3,"[3, 10]",[['S']],1
4,"[10, 10]",[['S']],1
9,"[2, 7]","[['H', 'H']]",0
6,"[4, 2]","[['H', 'S']]",0
10,"[8, 6]","[['H', 'H', 'S']]",1
10,"[5, 10]",[['R']],0
10,"[2, 10]",[['H']],0
4,"[4, 8]",[['S']],0
2,"[10, 6]",[['S']],1
4,"[9, 10]",[['S']],0
9,"[10, 10]",[['S']],1
9,"[6, 6]","[['H', 'H']]",0
2,"[10, 7]",[['S']],0
2,"[6, 7]",[['S']],0
10,"[9, 3]",[[]],0
5,"[10, 10]",[['S']],1
3,"[11, 3]","[['H', 'H', 'S']]",0
11,"[6, 9]","[['N', 'R']]",0
8,"[7, 7]","[['H', 'S']]",1
10,"[7, 9]",[['R']],0
10,"[10, 3]","[['H', 'S']]",1
4,"[10, 10]",[['S']],1
3,"[11, 9]",[['S']],1
7,"[6, 10]",[['H']],0
10,"[10, 10]",[['S']],0
11,"[3, 10]",[['N']],0
8,"[5, 9]","[['H', 'H', 'S']]",1
4,"[10, 8]",[['S']],1
10,"[10, 10]",[['S']],1
5,"[8, 6]",[['S']],0
7,"[5, 10]",[['H']],0
2,"[10, 3]",[['S']],1
9,"[2, 11]","[['H', 'H', 'S']]",1
9,"[10, 3]",[['H']],0
3,"[2, 6]","[['H', 'S']]",1
2,"[10, 11]",[['S']],1
11,"[10, 3]",[['N']],0
10,"[10, 3]","[['H', 'S']]",0
7,"[3, 10]","[['H', 'H', 'S']]",1
6,"[10, 10]",[['S']],1
11,"[10, 10]",[['N']],0
10,"[9, 11]",[['S']],0
10,"[11, 9]",[['S']],1
5,"[10, 10]",[['S']],1
4,"[10, 10]",[['S']],1
3,"[9, 7]",[['S']],0
10,"[6, 7]",[['H']],0
8,"[11, 10]",[['S']],1
4,"[9, 10]",[['S']],1
8,"[3, 4]","[['H', 'S']]",0
10,"[7, 7]","[['H', 'S']]",1
10,"[3, 5]",[[]],0
4,"[10, 4]",[['S']],1
10,"[6, 9]",[['R']],0
6,"[10, 10]",[['S']],1
5,"[10, 6]",[['S']],0
8,"[11, 10]",[['S']],1
5,"[2, 3]","[['H', 'S']]",1
6,"[8, 10]",[['S']],1
4,"[10, 6]",[['S']],0
10,"[11, 11]","[['P'], []]",0
6,"[2, 4]","[['H', 'S']]",1
4,"[9, 11]",[['S']],1
3,"[8, 9]",[['S']],0
9,"[10, 3]",[['H']],0
7,"[10, 11]",[['S']],1
11,"[10, 8]",[['N']],0
5,"[6, 5]",[['D']],0
6,"[7, 8]",[['S']],0
4,"[5, 11]",[['D']],1
7,"[6, 11]","[['H', 'S']]",1
2,"[3, 3]","[['P', 'H', 'S'], ['D']]",1
5,"[9, 5]",[['S']],0
5,"[10, 9]",[['S']],0
6,"[4, 10]",[['S']],0
10,"[10, 9]",[['S']],1
10,"[7, 4]",[['D']],0
10,"[3, 4]","[['H', 'S']]",0
5,"[2, 10]",[['S']],1
5,"[8, 10]",[['S']],1
11,"[5, 2]","[['N', 'H', 'S']]",0
2,"[8, 10]",[['S']],0
7,"[7, 10]",[['S']],0
8,"[10, 5]",[['H']],0
5,"[5, 10]",[['S']],1
10,"[9, 8]",[['S']],0
6,"[8, 10]",[['S']],0
7,"[2, 10]",[['H']],0
2,"[10, 7]",[['S']],0
10,"[10, 10]",[['S']],1
10,"[4, 8]","[['H', 'S']]",0
9,"[7, 4]",[['D']],0
2,"[4, 3]","[['H', 'S']]",1
10,"[2, 8]","[['H', 'S']]",1
9,"[10, 7]",[['S']],0
8,"[8, 2]",[['D']],1
10,"[9, 3]","[['H', 'H', 'H', 'S']]",1
9,"[10, 7]",[['S']],0
3,"[7, 7]","[['P', 'S'], ['S']]",0
10,"[4, 10]","[['H', 'S']]",0
10,"[4, 10]",[[]],0
3,"[7, 5]","[['H', 'S']]",0
5,"[5, 3]","[['H', 'S']]",0
11,"[3, 11]","[['N', 'H', 'H', 'S']]",1
3,"[4, 6]",[['D']],1
7,"[6, 2]","[['H', 'H']]",0
10,"[10, 4]",[[]],0
3,"[10, 10]",[['S']],0
4,"[7, 9]",[['S']],1
6,"[5, 10]",[['S']],0
4,"[5, 11]",[['D']],0
10,"[7, 9]",[['R']],0
11,"[11, 5]","[['N', 'H', 'H', 'H', 'S']]",0
3,"[10, 5]",[['S']],0
9,"[5, 8]","[['H', 'S']]",1
10,"[8, 6]","[['H', 'S']]",0
9,"[5, 5]",[['D']],1
10,"[2, 5]","[['H', 'H', 'H', 'H']]",0
10,"[8, 2]","[['H', 'S']]",0
11,"[9, 7]","[['N', 'R']]",0
10,"[10, 5]",[['R']],0
10,"[6, 10]",[['R']],0
7,"[10, 8]",[['S']],0
6,"[10, 8]",[['S']],1
7,"[4, 10]",[['H']],0
6,"[10, 2]",[['S']],0
10,"[10, 6]",[['R']],0
11,"[6, 9]","[['N', 'R']]",0
6,"[6, 10]",[['S']],1
8,"[3, 7]",[['D']],1
5,"[8, 11]",[['S']],1
10,"[10, 10]",[['S']],1
7,"[10, 3]","[['H', 'H', 'S']]",1
11,"[7, 11]",[['N']],0
9,"[3, 4]","[['H', 'S']]",0
5,"[10, 3]",[['S']],1
4,"[10, 3]",[['S']],0
6,"[3, 10]",[['S']],1
7,"[5, 5]",[['D']],1
6,"[9, 11]",[['S']],1
7,"[10, 9]",[['S']],1
2,"[11, 10]",[['S']],1
7,"[10, 10]",[['S']],1
9,"[10, 10]",[['S']],1
2,"[5, 10]",[['S']],0
10,"[5, 8]",[['H']],0
5,"[10, 9]",[['S']],1
11,"[8, 10]","[['N', 'S']]",0
10,"[8, 10]",[['S']],0
8,"[4, 6]",[['D']],0
10,"[10, 9]",[['S']],0
8,"[9, 4]",[['H']],0
10,"[2, 10]","[['H', 'H']]",0
2,"[9, 11]",[['S']],1
4,"[9, 7]",[['S']],0
10,"[10, 11]",[['S']],1
11,"[10, 2]",[['N']],0
6,"[6, 4]",[['D']],1
2,"[2, 8]",[['D']],1
2,"[4, 2]","[['H', 'S']]",0
9,"[10, 8]",[['S']],0
8,"[10, 10]",[['S']],1
6,"[6, 7]",[['S']],1
11,"[10, 10]",[['N']],0
9,"[8, 10]",[['S']],0
10,"[10, 8]",[['S']],1
9,"[7, 11]","[['H', 'H', 'S']]",1
7,"[10, 10]",[['S']],1
10,"[10, 8]",[['S']],0
6,"[10, 10]",[['S']],1
11,"[6, 9]","[['N', 'R']]",0
7,"[10, 10]",[['S']],1
10,"[5, 7]","[['H', 'S']]",0
7,"[3, 9]","[['H', 'H']]",0
10,"[2, 8]",[[]],0
4,"[10, 10]",[['S']],0
6,"[5, 3]","[['H', 'S']]",1
8,"[10, 10]",[['S']],1
5,"[5, 3]","[['H', 'S']]",1
10,"[6, 6]","[['H', 'S']]",1
10,"[10, 9]",[['S']],0
4,"[11, 9]",[['S']],1
10,"[2, 5]","[['H', 'S']]",1
10,"[10, 10]",[['S']],1
4,"[10, 10]",[['S']],0
9,"[10, 10]",[['S']],0
10,"[10, 6]",[['R']],0
11,"[2, 10]","[['N', 'H', 'S']]",1
3,"[3, 5]","[['H', 'H', 'S']]",0
10,"[9, 2]",[['D']],1
10,"[3, 4]","[['H', 'S']]",1
10,"[10, 4]",[['H']],0
9,"[6, 6]",[['H']],0
5,"[10, 10]",[['S']],1
2,"[10, 8]",[['S']],1
4,"[4, 10]",[['S']],0
2,"[11, 11]","[['P'], []]",1
10,"[11, 4]","[['H', 'H']]",0
11,"[3, 11]","[['N', 'H', 'H', 'H']]",0
9,"[7, 7]","[['H', 'S']]",1
8,"[6, 8]",[['H']],0
10,"[10, 11]",[['S']],1
11,"[3, 7]","[['N', 'H', 'H', 'S']]",1
8,"[7, 11]",[['S']],1
7,"[10, 4]",[['H']],0
3,"[10, 3]",[['S']],0
9,"[5, 8]",[['H']],0
10,"[8, 6]","[['H', 'S']]",1
2,"[7, 3]",[['D']],0
3,"[6, 10]",[['S']],0
2,"[5, 11]","[['H', 'H', 'S']]",1
6,"[4, 10]",[['S']],1
5,"[4, 10]",[['S']],0
10,"[2, 10]",[[]],0
6,"[11, 2]",[['D']],1
10,"[11, 10]",[['S']],1
8,"[6, 3]","[['H', 'S']]",1
10,"[5, 3]","[['H', 'H', 'S']]",1
4,"[11, 11]","[['P'], []]",0
11,"[10, 10]",[['N']],0
10,"[8, 10]",[[]],0
10,"[7, 4]",[['D']],1
8,"[10, 3]","[['H', 'S']]",1
11,"[10, 10]","[['N', 'S']]",1
4,"[2, 7]",[['D']],1
2,"[11, 10]",[['S']],1
4,"[9, 3]",[['S']],0
10,"[8, 10]",[['S']],0
10,"[10, 5]",[['R']],0
9,"[10, 3]","[['H', 'S']]",1
4,"[8, 7]",[['S']],1
4,"[10, 9]",[['S']],1
7,"[5, 9]","[['H', 'H', 'S']]",1
5,"[10, 7]",[['S']],1
10,"[3, 2]","[['H', 'H', 'S']]",0
3,"[9, 2]",[['D']],1
7,"[6, 4]",[['D']],1
10,"[10, 8]",[['S']],1
11,"[6, 2]","[['N', 'H', 'H']]",0
11,"[2, 10]","[['N', 'H']]",0
9,"[10, 3]",[['H']],0
10,"[10, 9]",[['S']],1
6,"[3, 2]","[['H', 'S']]",0
10,"[7, 3]","[['H', 'S']]",1
10,"[8, 10]",[['S']],0
3,"[9, 10]",[['S']],1
10,"[5, 10]",[['R']],0
10,"[2, 9]",[['D']],0
8,"[7, 8]",[['H']],0
6,"[9, 9]","[['P', 'S'], ['S']]",0
9,"[10, 9]",[['S']],0
7,"[3, 6]","[['H', 'H']]",0
10,"[2, 7]","[['H', 'H', 'H', 'S']]",0
5,"[4, 5]",[['D']],1
9,"[8, 5]","[['H', 'S']]",1
10,"[10, 5]",[[]],0
7,"[10, 7]",[['S']],0
6,"[3, 10]",[['S']],1
10,"[7, 6]","[['H', 'S']]",1
7,"[6, 5]",[['D']],0
11,"[10, 8]","[['N', 'S']]",0
8,"[6, 11]","[['H', 'S']]",0
3,"[6, 10]",[['S']],1
10,"[5, 2]","[['H', 'H', 'S']]",1
10,"[10, 10]",[['S']],1
2,"[3, 9]","[['H', 'S']]",1
2,"[10, 4]",[['S']],0
10,"[2, 6]","[['H', 'H', 'S']]",0
5,"[6, 10]",[['S']],1
10,"[10, 10]",[['S']],1
9,"[11, 10]",[['S']],1
10,"[9, 5]",[['H']],0
8,"[8, 9]",[['S']],0
6,"[10, 2]",[['S']],0
2,"[7, 9]",[['S']],1
10,"[2, 4]",[[]],0
8,"[10, 10]",[['S']],1
6,"[10, 3]",[['S']],0
3,"[10, 3]",[['S']],0
10,"[10, 10]",[['S']],1
2,"[3, 2]","[['H', 'S']]",1
10,"[7, 2]","[['H', 'S']]",1
6,"[6, 10]",[['S']],0
3,"[10, 2]",[['H']],0
5,"[7, 10]",[['S']],0
5,"[6, 5]",[['D']],0
4,"[6, 6]","[['P', 'S'], ['S']]",0
10,"[8, 3]",[['D']],1
5,"[9, 6]",[['S']],1
10,"[4, 10]",[['H']],0
6,"[10, 10]",[['S']],1
3,"[2, 8]",[['D']],1
5,"[8, 7]",[['S']],1
4,"[11, 10]",[['S']],1
10,"[5, 5]","[['H', 'S']]",1
8,"[8, 10]",[['S']],1
10,"[5, 10]",[['R']],0
10,"[6, 9]",[['R']],0
2,"[10, 10]",[['S']],1
3,"[10, 11]",[['S']],1
10,"[10, 6]",[['R']],0
4,"[3, 10]",[['S']],0
8,"[10, 10]",[['S']],1
10,"[11, 10]",[['S']],1
4,"[7, 3]",[['D']],1
10,"[10, 5]",[['R']],0
2,"[10, 9]",[['S']],0
9,"[8, 9]",[['S']],1
4,"[8, 11]",[['S']],0
2,"[10, 10]",[['S']],0
6,"[4, 10]",[['S']],0
11,"[8, 3]",[['N']],0
9,"[4, 11]","[['H', 'H', 'S']]",0
2,"[11, 9]",[['S']],1
5,"[10, 10]",[['S']],1
4,"[5, 8]",[['S']],0
10,"[2, 4]","[['H', 'H', 'H']]",0
5,"[11, 5]",[['D']],1
10,"[9, 10]",[['S']],1
10,"[8, 10]",[['S']],0
3,"[5, 6]",[['D']],1
5,"[6, 11]",[['D']],1
8,"[2, 2]","[['H', 'H']]",0
11,"[10, 10]","[['N', 'S']]",1
4,"[10, 11]",[['S']],1
10,"[8, 9]",[['S']],0
3,"[10, 7]",[['S']],0
4,"[9, 10]",[['S']],1
5,"[2, 6]","[['H', 'S']]",1
4,"[9, 9]","[['P', 'S'], ['D']]",1
4,"[4, 5]",[['D']],1
11,"[6, 7]",[['N']],0
8,"[10, 10]",[['S']],1
10,"[10, 10]",[['S']],0
10,"[10, 10]",[['S']],1
3,"[2, 9]",[['D']],0
9,"[4, 7]",[['D']],1
10,"[10, 5]",[['R']],0
10,"[10, 2]","[['H', 'S']]",0
6,"[2, 5]","[['H', 'S']]",1
6,"[10, 11]",[['S']],1
5,"[10, 10]",[['S']],0
10,"[7, 8]",[['R']],0
9,"[8, 3]",[['D']],0
5,"[7, 10]",[['S']],0
10,"[6, 5]",[['D']],0
10,"[10, 3]",[['H']],0
10,"[11, 9]",[['S']],1
10,"[6, 9]",[['R']],0
5,"[10, 5]",[['S']],0
11,"[7, 10]","[['N', 'R']]",0
10,"[5, 3]","[['H', 'H', 'S']]",0
8,"[4, 7]",[['D']],1
5,"[7, 11]",[['D']],1
10,"[10, 10]",[['S']],0
10,"[11, 10]",[['S']],1
10,"[5, 10]",[['R']],0
11,"[9, 10]","[['N', 'S']]",1
7,"[4, 10]","[['H', 'H']]",0
6,"[11, 7]",[['D']],0
9,"[10, 7]",[['S']],0
6,"[2, 11]",[['D']],1
9,"[8, 10]",[['S']],0
5,"[10, 11]",[['S']],1
4,"[11, 10]",[['S']],1
8,"[6, 5]",[['D']],1
11,"[9, 8]","[['N', 'R']]",0
3,"[5, 8]",[['S']],1
9,"[9, 4]","[['H', 'H']]",0
10,"[10, 7]",[['S']],1
3,"[11, 4]","[['H', 'H', 'S']]",0
7,"[10, 10]",[['S']],1
9,"[2, 8]",[['D']],0
10,"[5, 10]",[['R']],0
5,"[4, 10]",[['S']],0
4,"[3, 3]","[['P', 'H', 'H', 'S'], ['S']]",1
6,"[10, 4]",[['S']],1
10,"[3, 2]","[['H', 'H', 'S']]",0
10,"[4, 10]","[['H', 'H', 'S']]",1
6,"[10, 9]",[['S']],1
2,"[9, 10]",[['S']],0
8,"[10, 10]",[['S']],0
10,"[7, 10]",[['S']],0
8,"[9, 10]",[['S']],1
11,"[2, 8]","[['N', 'H', 'S']]",0
10,"[2, 10]","[['H', 'H']]",0
10,"[7, 9]",[['R']],0
8,"[3, 6]","[['H', 'H']]",0
10,"[10, 4]",[['H']],0
6,"[6, 6]","[['P', 'D'], ['D']]",1
8,"[4, 4]","[['H', 'S']]",0
9,"[5, 2]","[['H', 'H', 'S']]",1
10,"[3, 10]","[['H', 'H', 'S']]",0
8,"[7, 9]","[['H', 'S']]",1
4,"[10, 7]",[['S']],0
8,"[10, 8]",[['S']],1
5,"[10, 10]",[['S']],1
9,"[2, 2]","[['H', 'H', 'S']]",1
8,"[10, 6]",[['H']],0
2,"[10, 3]",[['S']],0
8,"[2, 4]","[['H', 'H', 'S']]",0
4,"[10, 5]",[['S']],0
10,"[6, 10]",[['R']],0
10,"[5, 10]",[['R']],0
11,"[10, 3]","[['N', 'H']]",0
10,"[10, 10]",[['S']],1
6,"[4, 10]",[['S']],1
4,"[10, 5]",[['S']],0
8,"[10, 8]",[['S']],0
11,"[10, 6]",[['N']],0
10,"[3, 9]","[['H', 'S']]",1
10,"[4, 5]",[[]],0
3,"[11, 10]",[['S']],1
2,"[10, 10]",[['S']],1
5,"[10, 10]",[['S']],1
2,"[10, 10]",[['S']],1
10,"[3, 10]","[['H', 'S']]",1
4,"[10, 9]",[['S']],1
10,"[10, 8]",[['S']],1
10,"[10, 8]",[['S']],0
6,"[10, 3]",[['S']],0
7,"[5, 7]","[['H', 'H']]",0
10,"[6, 3]",[[]],0
11,"[5, 9]","[['N', 'H', 'H', 'S']]",0
2,"[11, 9]",[['S']],1
7,"[2, 6]","[['H', 'S']]",0
6,"[4, 4]","[['P', 'D'], ['S']]",1
10,"[9, 3]",[['H']],0
10,"[9, 10]",[['S']],1
4,"[2, 10]",[['S']],1
6,"[7, 10]",[['S']],0
5,"[2, 10]",[['S']],1
10,"[3, 5]","[['H', 'H', 'S']]",1
10,"[7, 10]",[['S']],0
4,"[5, 4]",[['D']],1
11,"[2, 9]",[['N']],0
2,"[10, 3]",[['S']],1
7,"[5, 9]","[['H', 'S']]",1
11,"[10, 3]","[['N', 'H', 'S']]",1
10,"[9, 8]",[['S']],0
10,"[10, 10]",[['S']],1
10,"[6, 7]","[['H', 'S']]",1
10,"[6, 3]","[['H', 'H', 'S']]",1
5,"[11, 9]",[['S']],0
10,"[9, 10]",[['S']],1
10,"[7, 2]","[['H', 'S']]",0
4,"[10, 3]",[['S']],1
11,"[4, 10]",[['N']],0
10,"[8, 6]",[[]],0
9,"[10, 8]",[['S']],1
9,"[3, 2]","[['H', 'H']]",0
10,"[2, 4]","[['H', 'H', 'S']]",1
9,"[10, 10]",[['S']],1
9,"[4, 10]",[['H']],0
9,"[10, 11]",[['S']],1
9,"[7, 9]",[['R']],0
6,"[2, 10]",[['S']],0
6,"[8, 11]",[['D']],1
6,"[9, 10]",[['S']],1
11,"[6, 6]","[['N', 'H']]",0
5,"[10, 10]",[['S']],0
10,"[10, 6]",[['R']],0
6,"[8, 10]",[['S']],1
10,"[8, 4]","[['H', 'H']]",0
3,"[2, 9]",[['D']],0
4,"[9, 8]",[['S']],1
4,"[3, 10]",[['S']],1
10,"[10, 3]","[['H', 'H']]",0
10,"[10, 4]",[['H']],0
8,"[6, 10]",[['H']],0
11,"[10, 10]","[['N', 'S']]",1
3,"[10, 3]",[['S']],0
4,"[5, 7]",[['S']],0
5,"[10, 2]",[['S']],1
3,"[8, 10]",[['S']],0
10,"[11, 3]","[['H', 'H']]",0
10,"[3, 6]","[['H', 'H']]",0
4,"[2, 7]",[['D']],0
10,"[6, 2]","[['H', 'S']]",0
11,"[2, 11]",[['N']],0
10,"[2, 10]","[['H', 'H']]",0
6,"[3, 5]","[['H', 'S']]",0
4,"[10, 3]",[['S']],0
8,"[2, 10]","[['H', 'S']]",1
4,"[10, 9]",[['S']],1
2,"[6, 9]",[['S']],0
10,"[9, 2]",[['D']],0
2,"[6, 8]",[['S']],0
7,"[8, 3]",[['D']],1
8,"[10, 10]",[['S']],1
8,"[10, 10]",[['S']],0
8,"[10, 11]",[['S']],1
8,"[4, 10]",[['H']],0
11,"[6, 4]",[['N']],0
10,"[8, 11]",[['S']],1
7,"[9, 8]",[['S']],0
9,"[11, 10]",[['S']],1
10,"[10, 2]","[['H', 'S']]",1
9,"[6, 11]","[['H', 'H', 'S']]",1
10,"[11, 10]",[['S']],1
7,"[7, 6]","[['H', 'H']]",0
10,"[10, 9]",[['S']],1
3,"[9, 9]","[['P', 'S'], ['S']]",1
3,"[5, 10]",[['S']],1
10,"[8, 11]",[['S']],1
8,"[7, 2]","[['H', 'S']]",0
11,"[9, 4]","[['N', 'H', 'S']]",1
7,"[10, 11]",[['S']],1
10,"[10, 7]",[['S']],1
9,"[5, 7]","[['H', 'H', 'S']]",0
10,"[9, 11]",[['S']],0
8,"[2, 3]","[['H', 'H', 'S']]",1
10,"[10, 10]",[['S']],0
3,"[6, 11]",[['D']],1
7,"[9, 5]","[['H', 'S']]",0
5,"[11, 7]",[['D']],0
4,"[11, 10]",[['S']],1
6,"[10, 7]",[['S']],0
9,"[9, 4]",[['H']],0
7,"[3, 9]",[['H']],0
4,"[2, 7]",[['D']],1
5,"[9, 6]",[['S']],1
9,"[9, 7]",[['R']],0
5,"[7, 10]",[['S']],1
4,"[11, 2]","[['H', 'H', 'S']]",1
3,"[10, 11]",[['S']],1
8,"[9, 9]","[['P', 'D'], ['S']]",1
10,"[6, 11]","[['H', 'S']]",1
6,"[3, 3]","[['P', 'S'], ['S']]",1
10,"[6, 9]",[['R']],0
3,"[10, 11]",[['S']],1
10,"[10, 2]","[['H', 'S']]",1
9,"[2, 8]",[['D']],1
3,"[6, 10]",[['S']],0
10,"[10, 2]","[['H', 'S']]",1
8,"[10, 8]",[['S']],0
5,"[6, 11]",[['D']],1
4,"[8, 5]",[['S']],1
10,"[10, 11]",[['S']],1
3,"[10, 9]",[['S']],1
10,"[10, 6]",[['R']],0
2,"[3, 8]",[['D']],1
5,"[7, 2]",[['D']],0
10,"[5, 10]",[['R']],0
10,"[11, 5]","[['H', 'H', 'S']]",0
10,"[5, 11]","[['H', 'H', 'S']]",1
10,"[8, 10]",[['S']],0
7,"[7, 8]",[['H']],0
10,"[10, 11]",[['S']],1
4,"[7, 10]",[['S']],0
10,"[10, 10]",[['S']],1
10,"[4, 10]","[['H', 'S']]",1
7,"[10, 2]",[['H']],0
7,"[5, 5]",[['D']],1
5,"[2, 10]",[['S']],0
11,"[5, 6]",[['N']],0
10,"[8, 4]","[['H', 'S']]",1
8,"[4, 9]","[['H', 'S']]",0
10,"[4, 11]","[['H', 'S']]",0
10,"[9, 10]",[['S']],1
8,"[9, 10]",[['S']],1
9,"[9, 2]",[['D']],1
6,"[11, 9]",[['S']],1
3,"[11, 10]",[['S']],1
6,"[8, 2]",[['D']],0
6,"[3, 8]",[['D']],1
10,"[10, 10]",[['S']],1
5,"[3, 3]","[['P', 'D'], ['S']]",0
9,"[7, 8]","[['H', 'S']]",1
4,"[6, 10]",[['S']],0
2,"[11, 8]",[['S']],0
11,"[3, 2]","[['N', 'H', 'H', 'S']]",1
6,"[3, 10]",[['S']],0
10,"[6, 3]","[['H', 'H']]",0
6,"[3, 6]",[['D']],1
10,"[4, 2]","[['H', 'H']]",0
10,"[10, 6]",[['R']],0
5,"[11, 5]",[['D']],0
10,"[10, 9]",[['S']],1
10,"[7, 2]","[['H', 'H', 'H']]",0
8,"[7, 8]","[['H', 'H']]",0
7,"[10, 10]",[['S']],1
4,"[10, 3]",[['S']],1
3,"[10, 4]",[['S']],0
7,"[10, 11]",[['S']],1
5,"[10, 4]",[['S']],0
5,"[8, 7]",[['S']],0
6,"[10, 4]",[['S']],0
10,"[9, 11]",[['S']],1
10,"[9, 4]",[['H']],0
10,"[10, 10]",[['S']],1
4,"[3, 4]","[['H', 'S']]",1
9,"[10, 10]",[['S']],1
4,"[3, 3]","[['P', 'S'], ['H', 'S']]",0
8,"[11, 4]","[['H', 'H', 'H']]",0
5,"[10, 7]",[['S']],0
7,"[5, 10]",[['H']],0
10,"[8, 11]",[['S']],1
10,"[10, 5]",[['R']],0
11,"[2, 5]",[['N']],0
2,"[6, 4]",[['D']],1
4,"[10, 10]",[['S']],1
10,"[5, 2]","[['H', 'H', 'S']]",0
2,"[10, 8]",[['S']],1
3,"[10, 7]",[['S']],1
9,"[7, 2]","[['H', 'H', 'S']]",1
7,"[8, 8]","[['P', 'H'], ['S']]",0
9,"[10, 10]",[['S']],0
11,"[10, 2]",[['N']],0
11,"[4, 7]","[['N', 'D']]",0
5,"[10, 8]",[['S']],1
4,"[10, 10]",[['S']],1
8,"[2, 3]","[['H', 'H', 'S']]",1
9,"[10, 4]","[['H', 'S']]",0
11,"[8, 5]","[['N', 'H', 'S']]",1
3,"[6, 5]",[['D']],1
10,"[10, 4]","[['H', 'H', 'S']]",0
5,"[4, 6]",[['D']],1
9,"[2, 11]","[['H', 'H', 'H', 'H', 'S']]",0
4,"[7, 8]",[['S']],1
10,"[9, 5]","[['H', 'H']]",0
7,"[2, 10]","[['H', 'H']]",0
5,"[6, 10]",[['S']],0
5,"[9, 6]",[['S']],1
4,"[8, 5]",[['S']],0
6,"[10, 2]",[['S']],1
6,"[7, 11]",[['D']],1
7,"[9, 7]","[['H', 'S']]",1
10,"[9, 4]",[['H']],0
11,"[10, 3]","[['N', 'H', 'S']]",1
3,"[8, 7]",[['S']],1
3,"[3, 11]","[['H', 'S']]",1
11,"[9, 10]","[['N', 'S']]",0
10,"[10, 10]",[['S']],1
11,"[8, 6]",[['N']],0
8,"[4, 4]","[['H', 'H', 'H', 'H', 'S']]",1
7,"[5, 11]","[['H', 'H']]",0
5,"[8, 6]",[['S']],0
3,"[10, 2]","[['H', 'S']]",0
7,"[5, 7]","[['H', 'S']]",1
10,"[10, 9]",[['S']],0
10,"[2, 8]","[['H', 'S']]",0
10,"[8, 10]",[['S']],1
8,"[4, 2]","[['H', 'H', 'S']]",1
10,"[9, 10]",[['S']],0
4,"[6, 8]",[['S']],0
11,"[11, 2]",[['N']],0
5,"[11, 10]",[['S']],1
3,"[10, 2]","[['H', 'S']]",0
2,"[11, 11]","[['P'], []]",0
5,"[6, 5]",[['D']],1
2,"[6, 2]","[['H', 'S']]",0
4,"[4, 2]","[['H', 'H', 'S']]",1
4,"[7, 3]",[['D']],0
4,"[5, 10]",[['S']],1
10,"[5, 4]","[['H', 'S']]",0
11,"[5, 10]",[['N']],0
10,"[10, 4]",[['H']],0
7,"[5, 7]",[['H']],0
3,"[10, 10]",[['S']],1
5,"[8, 11]",[['S']],1
6,"[6, 10]",[['S']],1
10,"[10, 10]",[[]],0
6,"[9, 4]",[['S']],1
10,"[7, 10]",[['S']],0
10,"[10, 10]",[['S']],1
8,"[10, 10]",[['S']],1
10,"[10, 3]",[[]],0
2,"[6, 10]",[['S']],0
9,"[3, 11]","[['H', 'H', 'S']]",0
7,"[2, 7]","[['H', 'H']]",0
10,"[2, 6]","[['H', 'H', 'S']]",1
2,"[10, 11]",[['S']],1
10,"[6, 3]","[['H', 'S']]",1
5,"[9, 10]",[['S']],0
10,"[10, 3]",[['H']],0
10,"[6, 6]","[['H', 'S']]",0
2,"[7, 9]",[['S']],0
3,"[11, 4]","[['H', 'S']]",0
9,"[11, 5]","[['H', 'H', 'H', 'S']]",0
10,"[3, 9]",[[]],0
9,"[10, 10]",[['S']],1
11,"[10, 8]","[['N', 'S']]",1
7,"[11, 3]","[['H', 'S']]",1
8,"[10, 2]",[['H']],0
4,"[3, 3]","[['P', 'S'], ['D']]",0
8,"[10, 10]",[['S']],1
10,"[7, 4]",[['D']],0
6,"[3, 9]",[['S']],0
4,"[7, 9]",[['S']],0
6,"[3, 11]",[['D']],1
10,"[10, 5]",[['R']],0
10,"[2, 9]",[['D']],1
4,"[2, 8]",[['D']],1
10,"[2, 4]","[['H', 'H', 'S']]",1
10,"[10, 10]",[['S']],1
10,"[8, 5]","[['H', 'H']]",0
10,"[10, 9]",[['S']],0
11,"[7, 2]","[['N', 'H', 'S']]",0
3,"[5, 2]","[['H', 'H', 'H', 'H']]",0
9,"[11, 6]","[['H', 'S']]",0
4,"[11, 8]",[['S']],1
10,"[4, 10]","[['H', 'S']]",1
6,"[6, 4]",[['D']],1
5,"[10, 11]",[['S']],1
9,"[8, 10]",[['S']],1
10,"[4, 2]","[['H', 'H']]",0
9,"[11, 10]",[['S']],1
11,"[8, 10]","[['N', 'S']]",0
10,"[9, 7]",[['R']],0
9,"[2, 3]","[['H', 'H', 'H']]",0
10,"[2, 5]","[['H', 'H']]",0
6,"[10, 10]",[['S']],0
11,"[4, 8]","[['N', 'H', 'H', 'S']]",0
8,"[3, 4]","[['H', 'H', 'S']]",0
11,"[3, 4]","[['N', 'H', 'H']]",0
9,"[8, 10]",[['S']],1
10,"[10, 10]",[['S']],0
3,"[6, 4]",[['D']],0
9,"[10, 5]","[['H', 'S']]",0
11,"[10, 10]",[['N']],0
10,"[2, 8]","[['H', 'S']]",1
2,"[2, 3]","[['H', 'H']]",0
4,"[9, 5]",[['S']],0
2,"[10, 10]",[['S']],1
7,"[11, 2]","[['H', 'H']]",0
2,"[7, 6]",[['S']],0
10,"[3, 3]","[['H', 'H']]",0
4,"[3, 10]",[['S']],0
11,"[8, 10]","[['N', 'S']]",0
8,"[3, 5]","[['H', 'H', 'S']]",1
5,"[8, 10]",[['S']],0
10,"[10, 9]",[['S']],1
10,"[10, 3]",[['H']],0
2,"[5, 10]",[['S']],1
10,"[4, 4]","[['H', 'S']]",1
7,"[9, 10]",[['S']],1
10,"[8, 5]",[['H']],0
10,"[10, 6]",[['R']],0
3,"[10, 4]",[['S']],1
10,"[3, 10]","[['H', 'S']]",1
7,"[10, 6]",[['H']],0
6,"[10, 7]",[['S']],0
3,"[7, 2]",[['D']],0
10,"[10, 5]",[[]],0
4,"[10, 9]",[['S']],1
10,"[10, 10]",[['S']],0
5,"[5, 10]",[['S']],1
3,"[10, 10]",[['S']],0
4,"[7, 8]",[['S']],0
4,"[2, 4]","[['H', 'H', 'S']]",0
10,"[10, 2]",[['H']],0
10,"[6, 9]",[['R']],0
10,"[7, 9]",[['R']],0
8,"[11, 8]",[['S']],1
4,"[7, 2]",[['D']],1
6,"[3, 6]",[['D']],0
3,"[8, 10]",[['S']],1
9,"[4, 9]","[['H', 'S']]",1
6,"[4, 6]",[['D']],1
9,"[3, 11]","[['H', 'S']]",1
10,"[10, 10]",[['S']],0
9,"[11, 10]",[['S']],1
11,"[6, 4]",[['N']],0
10,"[10, 10]",[['S']],0
10,"[6, 2]","[['H', 'S']]",0
5,"[2, 10]",[['S']],0
10,"[6, 7]","[['H', 'S']]",0
9,"[10, 4]",[['H']],0
10,"[10, 3]","[['H', 'S']]",0
10,"[4, 10]",[[]],0
8,"[6, 3]","[['H', 'H', 'H']]",0
3,"[10, 10]",[['S']],1
8,"[11, 3]","[['H', 'S']]",1
7,"[10, 10]",[['S']],1
10,"[10, 6]",[['R']],0
10,"[5, 6]",[['D']],1
5,"[10, 3]",[['S']],0
10,"[6, 10]",[['R']],0
7,"[2, 10]","[['H', 'H']]",0
7,"[10, 4]","[['H', 'S']]",1
3,"[8, 4]","[['H', 'S']]",0
10,"[3, 3]","[['H', 'H']]",0
6,"[10, 11]",[['S']],1
6,"[7, 8]",[['S']],0
6,"[6, 8]",[['S']],0
10,"[5, 11]","[['H', 'H']]",0
4,"[3, 10]",[['S']],0
3,"[10, 8]",[['S']],1
9,"[3, 6]","[['H', 'S']]",1
11,"[4, 8]","[['N', 'H', 'S']]",0
8,"[8, 10]",[['S']],1
2,"[10, 10]",[['S']],1
3,"[6, 10]",[['S']],1
2,"[4, 10]",[['S']],1
3,"[11, 10]",[['S']],1
4,"[7, 11]",[['D']],1
6,"[9, 2]",[['D']],0
2,"[8, 10]",[['S']],0
10,"[2, 8]","[['H', 'S']]",0
6,"[9, 6]",[['S']],1
9,"[8, 2]",[['D']],1
10,"[5, 9]","[['H', 'S']]",1
3,"[9, 4]",[['S']],0
7,"[6, 10]","[['H', 'S']]",1
10,"[3, 11]","[['H', 'H', 'H', 'H']]",0
2,"[2, 7]","[['H', 'S']]",0
11,"[4, 5]","[['N', 'H', 'S']]",0
10,"[3, 8]",[['D']],1
3,"[10, 10]",[['S']],1
5,"[7, 9]",[['S']],0
10,"[3, 2]","[['H', 'H']]",0
7,"[8, 6]",[['H']],0
10,"[5, 3]","[['H', 'S']]",1
4,"[11, 10]",[['S']],1
10,"[10, 10]",[['S']],1
5,"[10, 2]",[['S']],1
10,"[6, 7]","[['H', 'S']]",1
10,"[10, 10]",[['S']],1
9,"[5, 9]",[['H']],0
11,"[5, 10]","[['N', 'R']]",0
7,"[3, 11]","[['H', 'H', 'H', 'S']]",1
9,"[7, 11]","[['H', 'H', 'S']]",0
8,"[7, 8]","[['H', 'S']]",0
6,"[2, 8]",[['D']],1
10,"[3, 2]","[['H', 'H', 'S']]",1
8,"[9, 3]","[['H', 'S']]",1
10,"[4, 10]",[['H']],0
3,"[6, 10]",[['S']],1
10,"[5, 5]","[['H', 'H']]",0
10,"[10, 10]",[['S']],0
3,"[5, 10]",[['S']],1
2,"[11, 10]",[['S']],1
10,"[3, 10]","[['H', 'S']]",0
10,"[9, 9]",[['S']],0
11,"[2, 10]",[['N']],0
7,"[8, 10]",[['S']],1
9,"[10, 9]",[['S']],0
8,"[10, 10]",[['S']],1
10,"[2, 10]","[['H', 'S']]",1
11,"[10, 10]",[['N']],0
10,"[10, 10]",[['S']],1
5,"[6, 10]",[['S']],0
6,"[7, 6]",[['S']],1
10,"[7, 8]",[['R']],0
10,"[7, 10]",[['S']],0
6,"[9, 9]","[['P', 'P', 'S'], ['S'], ['S']]",0
10,"[11, 10]",[['S']],1
4,"[10, 8]",[['S']],1
4,"[2, 10]",[['S']],0
10,"[10, 9]",[['S']],0
4,"[6, 11]",[['D']],0
10,"[10, 5]",[[]],0
6,"[11, 9]",[['S']],1
10,"[10, 3]","[['H', 'S']]",0
9,"[5, 8]","[['H', 'H', 'S']]",1
10,"[11, 4]","[['H', 'H']]",0
6,"[10, 11]",[['S']],1
5,"[2, 10]",[['S']],0
11,"[7, 10]","[['N', 'R']]",0
4,"[3, 6]",[['D']],1
3,"[8, 10]",[['S']],1
10,"[5, 2]","[['H', 'S']]",0
10,"[10, 3]",[['H']],0
4,"[10, 2]",[['S']],1
9,"[10, 3]","[['H', 'S']]",1
9,"[5, 8]",[['H']],0
10,"[3, 10]",[['H']],0
10,"[7, 10]",[['S']],1
10,"[5, 10]",[['R']],0
4,"[11, 2]","[['H', 'S']]",1
3,"[10, 9]",[['S']],1
5,"[6, 5]",[['D']],0
10,"[5, 4]","[['H', 'S']]",0
3,"[5, 6]",[['D']],0
8,"[5, 7]","[['H', 'S']]",1
3,"[8, 3]",[['D']],0
7,"[10, 10]",[['S']],1
8,"[3, 10]","[['H', 'S']]",0
4,"[9, 7]",[['S']],1
10,"[6, 9]",[['R']],0
6,"[5, 8]",[['S']],0
7,"[10, 8]",[['S']],0
3,"[10, 4]",[['S']],0
4,"[10, 11]",[['S']],1
8,"[10, 5]",[['H']],0
9,"[10, 10]",[['S']],1
3,"[4, 10]",[['S']],0
8,"[8, 5]","[['H', 'H', 'S']]",1
4,"[10, 10]",[['S']],1
11,"[10, 11]","[['N', 'S']]",1
7,"[5, 5]",[['D']],0
7,"[5, 7]","[['H', 'S']]",0
3,"[3, 2]","[['H', 'H', 'S']]",1
9,"[5, 11]","[['H', 'H']]",0
11,"[10, 7]","[['N', 'R']]",0
10,"[3, 10]",[[]],0
10,"[3, 10]",[['H']],0
10,"[11, 2]","[['H', 'H', 'H', 'H']]",0
11,"[10, 5]","[['N', 'R']]",0
7,"[7, 4]",[['D']],0
10,"[10, 10]",[['S']],1
10,"[10, 9]",[['S']],1
4,"[10, 10]",[['S']],0
2,"[10, 11]",[['S']],1
11,"[7, 10]",[['N']],0
7,"[5, 4]","[['H', 'H', 'H', 'H', 'S']]",0
10,"[8, 10]",[['S']],0
11,"[10, 9]",[['N']],0
10,"[2, 11]",[[]],0
9,"[5, 2]","[['H', 'H', 'H']]",0
7,"[11, 11]","[['P'], []]",1
9,"[4, 10]",[['H']],0
7,"[10, 10]",[['S']],1
11,"[8, 2]",[['N']],0
10,"[6, 10]",[['R']],0
3,"[10, 8]",[['S']],1
2,"[10, 8]",[['S']],0
2,"[6, 4]",[['D']],1
4,"[10, 9]",[['S']],0
7,"[10, 9]",[['S']],0
10,"[9, 10]",[[]],0
10,"[10, 3]","[['H', 'S']]",0
10,"[7, 8]",[['R']],0
10,"[10, 10]",[['S']],1
10,"[10, 3]","[['H', 'S']]",1
10,"[10, 8]",[['S']],0
7,"[9, 2]",[['D']],1
10,"[2, 2]","[['H', 'H', 'S']]",0
8,"[9, 9]","[['P', 'S'], ['P', 'H'], ['S']]",0
6,"[6, 10]",[['S']],1
9,"[5, 6]",[['D']],0
6,"[2, 10]",[['S']],0
6,"[8, 6]",[['S']],0
5,"[10, 7]",[['S']],0
3,"[6, 2]","[['H', 'S']]",0
6,"[10, 9]",[['S']],0
9,"[2, 10]","[['H', 'H', 'H']]",0
10,"[10, 10]",[['S']],1
11,"[8, 8]","[['N', 'R']]",0
4,"[10, 11]",[['S']],1
10,"[4, 6]","[['H', 'H']]",0
4,"[5, 11]",[['D']],0
10,"[10, 3]","[['H', 'S']]",1
4,"[5, 10]",[['S']],0
10,"[10, 9]",[['S']],0
10,"[6, 5]",[['D']],1
6,"[4, 10]",[['S']],1
9,"[10, 8]",[['S']],0
6,"[11, 10]",[['S']],1
6,"[7, 10]",[['S']],1
2,"[5, 8]",[['S']],0
10,"[3, 3]","[['H', 'H', 'S']]",1
4,"[10, 11]",[['S']],1
8,"[10, 6]",[['H']],0
8,"[2, 11]","[['H', 'S']]",1
2,"[10, 3]",[['S']],1
2,"[7, 4]",[['D']],1
5,"[6, 2]","[['H', 'H', 'S']]",1
7,"[7, 9]","[['H', 'S']]",0
4,"[5, 8]",[['S']],0
2,"[6, 9]",[['S']],0
10,"[10, 7]",[['S']],0
11,"[10, 4]",[['N']],0
11,"[10, 7]",[['N']],0
10,"[2, 10]","[['H', 'S']]",1
10,"[6, 8]",[['H']],0
9,"[10, 10]",[['S']],1
6,"[7, 8]",[['S']],0
4,"[3, 9]",[['S']],1
10,"[7, 9]",[['R']],0
8,"[5, 2]","[['H', 'H']]",0
5,"[9, 8]",[['S']],0
2,"[4, 5]","[['H', 'S']]",0
10,"[10, 10]",[['S']],0
6,"[7, 11]",[['D']],1
11,"[9, 8]","[['N', 'R']]",0
11,"[10, 9]","[['N', 'S']]",0
4,"[7, 10]",[['S']],1
11,"[10, 2]",[['N']],0
10,"[11, 7]","[['H', 'S']]",1
4,"[11, 3]","[['H', 'S']]",1
9,"[4, 9]",[['H']],0
10,"[11, 4]","[['H', 'H']]",0
10,"[5, 5]","[['H', 'H', 'S']]",1
3,"[6, 11]",[['D']],0
2,"[9, 9]","[['P', 'H', 'S'], ['S']]",0
10,"[8, 3]",[['D']],0
10,"[7, 6]",[[]],0
10,"[10, 6]",[['R']],0
10,"[6, 10]",[['R']],0
2,"[11, 6]","[['H', 'S']]",0
8,"[3, 11]","[['H', 'H', 'H', 'H']]",0
10,"[6, 10]",[['R']],0
2,"[10, 3]",[['S']],1
3,"[6, 8]",[['S']],0
10,"[5, 10]",[['R']],0
10,"[5, 7]",[[]],0
10,"[2, 4]",[[]],0
6,"[6, 10]",[['S']],0
3,"[7, 2]",[['D']],0
9,"[5, 7]",[['H']],0
10,"[4, 11]","[['H', 'S']]",1
3,"[10, 2]","[['H', 'S']]",0
6,"[7, 4]",[['D']],1
11,"[5, 4]","[['N', 'H', 'S']]",1
11,"[10, 10]",[['N']],0
2,"[5, 6]",[['D']],0
4,"[10, 10]",[['S']],1
10,"[8, 9]",[['S']],1
9,"[11, 3]","[['H', 'H', 'H', 'H']]",0
10,"[10, 3]",[['H']],0
10,"[7, 2]","[['H', 'S']]",1
10,"[10, 4]","[['H', 'H']]",0
8,"[4, 6]",[['D']],0
5,"[8, 9]",[['S']],0
5,"[10, 3]",[['S']],0
3,"[10, 10]",[['S']],1
10,"[10, 10]",[[]],0
4,"[8, 8]","[['P', 'S'], ['S']]",0
5,"[2, 3]","[['H', 'H', 'S']]",1
3,"[10, 4]",[['S']],0
5,"[10, 3]",[['S']],0
5,"[4, 10]",[['S']],1
10,"[10, 10]",[[]],0
11,"[11, 11]","[['N', 'P'], []]",0
2,"[3, 8]",[['D']],1
10,"[8, 10]",[['S']],0
10,"[10, 11]",[[]],0
10,"[3, 5]","[['H', 'H']]",0
10,"[8, 9]",[['S']],0
10,"[10, 8]",[['S']],1
3,"[4, 9]",[['S']],0
10,"[9, 6]",[['R']],0
6,"[5, 10]",[['S']],1
5,"[8, 6]",[['S']],1
11,"[10, 10]","[['N', 'S']]",1
9,"[3, 6]","[['H', 'S']]",0
7,"[8, 2]",[['D']],1
11,"[9, 10]","[['N', 'S']]",1
9,"[3, 6]","[['H', 'H']]",0
7,"[2, 10]",[['H']],0
11,"[10, 10]","[['N', 'S']]",1
8,"[10, 10]",[['S']],1
2,"[7, 10]",[['S']],1
7,"[9, 11]",[['S']],1
10,"[9, 6]",[['R']],0
10,"[5, 8]",[['H']],0
10,"[10, 2]","[['H', 'S']]",1
3,"[10, 5]",[['S']],1
2,"[11, 4]","[['H', 'S']]",0
10,"[9, 10]",[['S']],0
10,"[10, 3]","[['H', 'S']]",0
10,"[10, 10]",[['S']],1
7,"[8, 4]","[['H', 'S']]",0
10,"[7, 10]",[['S']],0
10,"[7, 5]",[['H']],0
4,"[5, 5]",[['D']],0
8,"[8, 10]",[['S']],0
10,"[9, 11]",[['S']],1
10,"[6, 2]","[['H', 'S']]",0
6,"[9, 4]",[['S']],0
7,"[6, 7]",[['H']],0
11,"[10, 3]","[['N', 'H', 'H']]",0
4,"[10, 7]",[['S']],1
7,"[10, 3]","[['H', 'S']]",1
5,"[9, 7]",[['S']],1
11,"[4, 11]","[['N', 'H', 'S']]",0
11,"[8, 9]","[['N', 'R']]",0
10,"[10, 10]",[['S']],0
10,"[3, 8]",[['D']],0
10,"[10, 6]",[['R']],0
3,"[10, 10]",[['S']],1
10,"[10, 10]",[['S']],0
9,"[6, 10]",[['R']],0
5,"[10, 5]",[['S']],0
8,"[7, 3]",[['D']],1
10,"[6, 5]",[['D']],1
3,"[7, 10]",[['S']],1
4,"[9, 10]",[['S']],1
10,"[6, 10]",[['R']],0
4,"[9, 9]","[['P', 'S'], ['S']]",1
3,"[10, 10]",[['S']],0
9,"[6, 9]","[['H', 'S']]",0
10,"[5, 2]","[['H', 'H', 'S']]",1
9,"[6, 5]",[['D']],1
11,"[6, 5]","[['N', 'D']]",1
5,"[8, 10]",[['S']],1
7,"[3, 4]","[['H', 'H']]",0
10,"[3, 9]",[['H']],0
5,"[5, 10]",[['S']],1
4,"[8, 10]",[['S']],0
6,"[10, 2]",[['S']],0
9,"[7, 3]",[['D']],1
3,"[10, 10]",[['S']],0
2,"[6, 2]","[['H', 'S']]",1
10,"[8, 6]","[['H', 'H', 'H', 'S']]",1
10,"[10, 9]",[['S']],0
4,"[11, 6]",[['D']],0
11,"[2, 10]",[['N']],0
9,"[8, 6]",[['H']],0
5,"[7, 3]",[['D']],1
6,"[4, 3]","[['H', 'S']]",0
10,"[10, 10]",[[]],0
8,"[10, 2]","[['H', 'S']]",0
7,"[8, 2]",[['D']],0
10,"[2, 4]","[['H', 'H', 'S']]",1
5,"[2, 9]",[['D']],1
10,"[10, 11]",[['S']],1
11,"[6, 10]","[['N', 'R']]",0
7,"[8, 8]","[['P', 'S'], ['S']]",1
7,"[10, 10]",[['S']],1
10,"[10, 10]",[['S']],1
8,"[7, 4]",[['D']],1
10,"[7, 6]","[['H', 'H', 'S']]",1
11,"[3, 3]",[['N']],0
9,"[10, 9]",[['S']],0
6,"[10, 10]",[['S']],1
7,"[2, 10]",[['H']],0
10,"[3, 2]","[['H', 'H']]",0
2,"[7, 7]","[['P', 'D'], ['H', 'S']]",1
11,"[10, 10]","[['N', 'S']]",1
7,"[7, 8]",[['H']],0
6,"[2, 6]","[['H', 'S']]",0
10,"[6, 10]",[['R']],0
5,"[3, 3]","[['P', 'S'], ['H', 'S']]",0
11,"[7, 4]","[['N', 'D']]",0
9,"[11, 9]",[['S']],1
10,"[3, 10]","[['H', 'S']]",0
9,"[4, 6]",[['D']],1
10,"[8, 6]",[['H']],0
7,"[10, 10]",[['S']],1
4,"[2, 10]",[['S']],0
3,"[10, 2]",[['H']],0
4,"[6, 9]",[['S']],1
6,"[10, 10]",[['S']],0
8,"[7, 5]","[['H', 'H']]",0
9,"[9, 8]",[['S']],1
6,"[5, 9]",[['S']],0
10,"[2, 7]","[['H', 'S']]",1
4,"[8, 3]",[['D']],1
11,"[7, 5]","[['N', 'H', 'H', 'S']]",1
6,"[10, 10]",[['S']],1
10,"[10, 9]",[['S']],0
3,"[5, 10]",[['S']],1
10,"[3, 9]","[['H', 'S']]",0
10,"[8, 9]",[[]],0
11,"[8, 9]",[['N']],0
3,"[10, 3]",[['S']],0
11,"[2, 2]","[['N', 'H', 'H', 'S']]",1
8,"[3, 6]","[['H', 'H', 'S']]",0
11,"[8, 10]",[['N']],0
10,"[6, 10]",[['R']],0
11,"[10, 10]",[['N']],0
4,"[11, 4]",[['D']],0
6,"[7, 10]",[['S']],0
4,"[8, 9]",[['S']],1
7,"[2, 10]","[['H', 'S']]",1
6,"[9, 10]",[['S']],1
4,"[10, 10]",[['S']],1
7,"[7, 10]",[['S']],0
9,"[4, 11]","[['H', 'H', 'H']]",0
6,"[8, 10]",[['S']],0
5,"[11, 3]",[['D']],0
4,"[9, 6]",[['S']],0
10,"[3, 8]",[['D']],0
9,"[10, 3]",[['H']],0
5,"[10, 11]",[['S']],1
8,"[2, 3]","[['H', 'H', 'H', 'H', 'S']]",1
3,"[6, 11]",[['D']],1
11,"[10, 5]","[['N', 'R']]",0
10,"[10, 10]",[['S']],1
7,"[2, 10]",[['H']],0
7,"[10, 10]",[['S']],0
8,"[10, 3]","[['H', 'H']]",0
11,"[5, 10]",[['N']],0
2,"[11, 7]",[['D']],1
5,"[10, 10]",[['S']],1
11,"[5, 10]","[['N', 'R']]",0
11,"[3, 3]",[['N']],0
9,"[4, 10]","[['H', 'S']]",0
6,"[10, 6]",[['S']],0
10,"[6, 3]","[['H', 'H', 'S']]",0
8,"[10, 4]","[['H', 'S']]",0
9,"[4, 7]",[['D']],1
3,"[9, 8]",[['S']],0
7,"[7, 10]",[['S']],0
9,"[6, 8]","[['H', 'S']]",1
3,"[10, 10]",[['S']],1
10,"[10, 5]",[['R']],0
4,"[9, 8]",[['S']],0
4,"[7, 11]",[['D']],0
10,"[10, 8]",[['S']],0
4,"[7, 10]",[['S']],1
9,"[7, 10]",[['S']],0
10,"[6, 7]","[['H', 'S']]",0
5,"[10, 11]",[['S']],1
10,"[10, 11]",[['S']],1
10,"[3, 4]","[['H', 'S']]",0
11,"[5, 7]",[['N']],0
11,"[9, 10]",[['N']],0
11,"[10, 6]","[['N', 'R']]",0
4,"[7, 10]",[['S']],1
4,"[10, 2]",[['S']],1
9,"[6, 7]",[['H']],0
10,"[3, 4]","[['H', 'H', 'S']]",1
10,"[11, 2]","[['H', 'S']]",1
2,"[10, 10]",[['S']],1
10,"[11, 2]","[['H', 'H', 'S']]",1
8,"[10, 5]","[['H', 'S']]",1
10,"[10, 8]",[['S']],0
10,"[4, 5]","[['H', 'S']]",1
7,"[5, 11]","[['H', 'H']]",0
4,"[10, 6]",[['S']],0
10,"[11, 10]",[['S']],1
6,"[8, 10]",[['S']],0
9,"[2, 2]","[['H', 'H', 'H', 'H', 'S']]",0
7,"[10, 10]",[['S']],0
6,"[4, 7]",[['D']],1
10,"[3, 6]","[['H', 'S']]",1
10,"[2, 10]",[['H']],0
5,"[2, 10]",[['S']],0
11,"[10, 10]","[['N', 'S']]",1
11,"[10, 6]","[['N', 'R']]",0
3,"[5, 9]",[['S']],0
6,"[2, 3]","[['H', 'H', 'S']]",1
5,"[8, 10]",[['S']],1
9,"[9, 3]",[['H']],0
10,"[3, 8]",[['D']],1
4,"[10, 10]",[['S']],1
7,"[3, 11]","[['H', 'S']]",1
2,"[5, 11]","[['H', 'S']]",1
10,"[10, 11]",[['S']],1
10,"[7, 2]","[['H', 'H']]",0
10,"[2, 11]","[['H', 'H', 'H', 'S']]",1
10,"[6, 9]",[['R']],0
7,"[10, 2]","[['H', 'S']]",1
8,"[10, 9]",[['S']],0
2,"[2, 7]","[['H', 'S']]",1
8,"[10, 5]",[['H']],0
10,"[6, 11]","[['H', 'H']]",0
4,"[10, 10]",[['S']],0
4,"[3, 7]",[['D']],0
3,"[10, 2]","[['H', 'S']]",1
10,"[4, 10]","[['H', 'S']]",1
6,"[4, 11]",[['D']],0
7,"[3, 3]","[['P', 'H', 'S'], ['H', 'S']]",1
4,"[9, 9]","[['P', 'S'], ['S']]",1
3,"[3, 10]",[['S']],1
10,"[10, 3]","[['H', 'S']]",1
8,"[8, 4]","[['H', 'H', 'S']]",0
2,"[11, 10]",[['S']],1
3,"[6, 10]",[['S']],0
10,"[8, 8]","[['P', 'S'], ['S']]",0
10,"[8, 10]",[['S']],0
7,"[10, 2]","[['H', 'S']]",1
6,"[10, 5]",[['S']],1
5,"[10, 4]",[['S']],1
5,"[8, 11]",[['S']],0
7,"[6, 10]","[['H', 'S']]",0
3,"[4, 10]",[['S']],0
5,"[9, 10]",[['S']],1
6,"[3, 6]",[['D']],1
10,"[4, 9]","[['H', 'H', 'S']]",1
3,"[6, 2]","[['H', 'S']]",0
10,"[4, 6]","[['H', 'S']]",1
5,"[10, 11]",[['S']],1
3,"[10, 5]",[['S']],1
5,"[8, 9]",[['S']],1
10,"[6, 9]",[['R']],0
5,"[6, 10]",[['S']],0
7,"[8, 7]",[['H']],0
2,"[6, 11]","[['H', 'S']]",1
6,"[10, 7]",[['S']],1
10,"[6, 2]","[['H', 'H']]",0
10,"[11, 5]","[['H', 'H', 'S']]",0
10,"[8, 9]",[['S']],0
6,"[6, 2]","[['H', 'S']]",0
10,"[10, 9]",[['S']],0
9,"[11, 5]","[['H', 'H', 'S']]",0
10,"[10, 11]",[['S']],1
8,"[4, 7]",[['D']],0
5,"[10, 10]",[['S']],1
2,"[10, 10]",[['S']],1
4,"[4, 7]",[['D']],1
6,"[9, 10]",[['S']],0
11,"[5, 7]","[['N', 'H', 'S']]",0
7,"[3, 10]",[['H']],0
10,"[7, 5]",[['H']],0
2,"[6, 7]",[['S']],0
10,"[8, 10]",[[]],0
11,"[5, 9]",[['N']],0
11,"[11, 10]","[['N', 'S']]",1
3,"[9, 7]",[['S']],1
10,"[3, 5]",[[]],0
8,"[5, 10]","[['H', 'S']]",0
6,"[5, 2]","[['H', 'S']]",0
10,"[10, 10]",[['S']],1
11,"[4, 7]",[['N']],0
9,"[2, 4]","[['H', 'H', 'H', 'S']]",1
10,"[2, 10]","[['H', 'H', 'S']]",1
8,"[5, 10]",[['H']],0
8,"[10, 10]",[['S']],1
3,"[8, 2]",[['D']],1
2,"[9, 3]","[['H', 'S']]",0
10,"[7, 4]",[['D']],0
5,"[6, 10]",[['S']],1
5,"[3, 10]",[['S']],0
9,"[10, 10]",[['S']],1
11,"[10, 10]","[['N', 'S']]",0
10,"[6, 5]",[['D']],1
10,"[10, 11]",[['S']],1
10,"[10, 3]",[['H']],0
5,"[3, 11]",[['D']],1
8,"[4, 6]",[['D']],0
2,"[4, 10]",[['S']],0
10,"[10, 10]",[['S']],1
9,"[10, 10]",[['S']],0
5,"[7, 9]",[['S']],0
10,"[2, 11]","[['H', 'H', 'H']]",0
2,"[6, 8]",[['S']],0
2,"[10, 11]",[['S']],1
4,"[8, 10]",[['S']],0
11,"[3, 5]","[['N', 'H', 'S']]",0
6,"[5, 5]",[['D']],1
3,"[6, 8]",[['S']],0
9,"[8, 7]","[['H', 'S']]",1
10,"[5, 5]","[['H', 'H', 'H', 'S']]",0
7,"[10, 10]",[['S']],1
11,"[10, 9]","[['N', 'S']]",0
8,"[7, 6]","[['H', 'S']]",1
7,"[10, 4]",[['H']],0
5,"[2, 8]",[['D']],1
7,"[5, 9]","[['H', 'H', 'S']]",1
4,"[7, 10]",[['S']],0
7,"[6, 2]","[['H', 'S']]",1
3,"[3, 7]",[['D']],0
10,"[6, 10]",[['R']],0
2,"[9, 7]",[['S']],0
10,"[8, 5]","[['H', 'S']]",1
11,"[10, 8]","[['N', 'S']]",1
10,"[9, 3]","[['H', 'S']]",1
11,"[9, 5]",[['N']],0
10,"[10, 2]","[['H', 'S']]",1
8,"[3, 11]","[['H', 'S']]",1
10,"[4, 8]","[['H', 'S']]",0
10,"[9, 4]",[['H']],0
10,"[10, 10]",[['S']],1
11,"[4, 8]","[['N', 'H', 'S']]",0
7,"[3, 6]","[['H', 'H', 'H', 'S']]",1
3,"[10, 8]",[['S']],0
10,"[3, 8]",[['D']],1
10,"[5, 6]",[['D']],0
7,"[4, 10]",[['H']],0
6,"[11, 10]",[['S']],1
10,"[10, 11]",[['S']],1
2,"[10, 7]",[['S']],0
3,"[3, 10]",[['S']],1
4,"[2, 9]",[['D']],0
4,"[2, 4]","[['H', 'H', 'S']]",1
9,"[7, 6]","[['H', 'S']]",0
11,"[4, 6]","[['N', 'H', 'S']]",1
2,"[7, 10]",[['S']],1
10,"[5, 8]",[[]],0
8,"[10, 10]",[['S']],1
10,"[9, 10]",[['S']],0
9,"[10, 7]",[['S']],0
8,"[10, 10]",[['S']],0
7,"[11, 10]",[['S']],1
10,"[2, 10]","[['H', 'H', 'S']]",1
5,"[10, 4]",[['S']],0
10,"[3, 6]","[['H', 'S']]",0
2,"[11, 10]",[['S']],1
4,"[2, 10]",[['S']],0
10,"[10, 7]",[['S']],0
10,"[7, 7]",[['H']],0
2,"[2, 8]",[['D']],0
10,"[3, 11]","[['H', 'H', 'S']]",1
3,"[7, 10]",[['S']],0
10,"[10, 10]",[['S']],1
4,"[7, 2]",[['D']],0
2,"[6, 5]",[['D']],0
7,"[6, 5]",[['D']],0
2,"[6, 9]",[['S']],1
10,"[9, 6]",[['R']],0
10,"[11, 10]",[['S']],1
10,"[5, 5]","[['H', 'S']]",1
6,"[7, 10]",[['S']],0
4,"[5, 9]",[['S']],1
6,"[9, 4]",[['S']],1
5,"[9, 9]","[['P', 'S'], ['S']]",1
8,"[10, 10]",[['S']],1
8,"[3, 5]","[['H', 'S']]",1
9,"[4, 9]","[['H', 'S']]",1
2,"[10, 5]",[['S']],0
2,"[3, 6]","[['H', 'S']]",1
10,"[9, 7]",[['R']],0
7,"[10, 8]",[['S']],1
10,"[7, 3]","[['H', 'S']]",1
8,"[4, 3]","[['H', 'S']]",0
8,"[2, 7]","[['H', 'H', 'S']]",0
2,"[10, 6]",[['S']],0
6,"[8, 4]",[['S']],0
10,"[10, 7]",[['S']],0
10,"[10, 2]","[['H', 'S']]",0
7,"[11, 10]",[['S']],1
8,"[6, 3]","[['H', 'H']]",0
10,"[3, 10]","[['H', 'H']]",0
10,"[10, 5]",[['R']],0
4,"[3, 10]",[['S']],0
2,"[6, 10]",[['S']],1
9,"[2, 9]",[['D']],1
10,"[2, 7]","[['H', 'S']]",1
10,"[3, 7]","[['H', 'H']]",0
3,"[9, 8]",[['S']],0
10,"[10, 6]",[[]],0
4,"[9, 11]",[['S']],1
10,"[10, 10]",[['S']],0
10,"[10, 10]",[['S']],1
8,"[2, 7]","[['H', 'S']]",1
10,"[5, 11]","[['H', 'H']]",0
4,"[10, 3]",[['S']],1
3,"[8, 8]","[['P', 'H', 'S'], ['P', 'S'], ['S']]",0
4,"[8, 11]",[['S']],1
6,"[10, 6]",[['S']],1
8,"[8, 4]","[['H', 'H']]",0
10,"[2, 5]","[['H', 'H', 'S']]",0
4,"[3, 5]","[['H', 'S']]",0
8,"[10, 9]",[['S']],1
7,"[11, 4]","[['H', 'H', 'H', 'S']]",1
7,"[10, 8]",[['S']],0
2,"[3, 8]",[['D']],0
11,"[8, 9]","[['N', 'R']]",0
11,"[3, 7]",[['N']],0
3,"[4, 2]","[['H', 'S']]",1
11,"[5, 10]","[['N', 'R']]",0
10,"[10, 10]",[['S']],0
8,"[10, 3]",[['H']],0
10,"[3, 10]",[['H']],0
10,"[8, 8]","[['P', 'S'], ['P', 'D'], ['S']]",1
6,"[10, 10]",[['S']],0
10,"[8, 3]",[[]],0
10,"[8, 6]",[['H']],0
6,"[10, 10]",[['S']],1
10,"[4, 10]","[['H', 'S']]",0
2,"[6, 5]",[['D']],0
10,"[10, 10]",[['S']],0
2,"[11, 5]","[['H', 'S']]",0
6,"[10, 7]",[['S']],1
10,"[10, 10]",[['S']],1
9,"[10, 8]",[['S']],0
2,"[3, 10]",[['S']],1
4,"[10, 2]",[['S']],0
11,"[3, 5]","[['N', 'H', 'H', 'S']]",1
2,"[10, 10]",[['S']],1
9,"[10, 10]",[['S']],1
3,"[10, 5]",[['S']],1
2,"[9, 6]",[['S']],1
6,"[5, 10]",[['S']],0
10,"[2, 3]","[['H', 'H', 'S']]",0
6,"[11, 5]",[['D']],1
2,"[10, 2]","[['H', 'S']]",1
8,"[9, 9]","[['P', 'S'], ['H', 'H']]",0
10,"[3, 8]",[['D']],0
3,"[7, 10]",[['S']],0
10,"[5, 5]","[['H', 'S']]",0
3,"[10, 10]",[['S']],1
9,"[2, 5]","[['H', 'H', 'H']]",0
7,"[11, 10]",[['S']],1
10,"[11, 8]",[['S']],1
10,"[5, 10]",[['R']],0
9,"[11, 10]",[['S']],1
4,"[10, 8]",[['S']],0
6,"[11, 10]",[['S']],1
10,"[9, 11]",[['S']],1
10,"[3, 4]","[['H', 'H', 'S']]",1
3,"[10, 4]",[['S']],0
10,"[6, 9]",[['R']],0
6,"[9, 4]",[['S']],1
2,"[10, 4]",[['S']],1
10,"[6, 4]","[['H', 'S']]",1
4,"[10, 8]",[['S']],1
5,"[10, 3]",[['S']],0
10,"[4, 7]",[['D']],1
8,"[7, 2]","[['H', 'S']]",0
4,"[10, 9]",[['S']],1
9,"[10, 10]",[['S']],1
7,"[11, 5]","[['H', 'S']]",1
10,"[3, 5]","[['H', 'H', 'S']]",0
11,"[7, 10]",[['N']],0
10,"[11, 4]","[['H', 'H', 'H', 'H', 'S']]",1
10,"[9, 9]",[['S']],1
10,"[10, 10]",[['S']],1
5,"[11, 2]",[['D']],0
9,"[5, 9]","[['H', 'S']]",1
10,"[7, 4]",[['D']],1
10,"[3, 10]","[['H', 'S']]",0
7,"[4, 7]",[['D']],1
11,"[9, 8]","[['N', 'R']]",0
8,"[11, 5]","[['H', 'H']]",0
6,"[4, 3]","[['H', 'S']]",0
5,"[10, 11]",[['S']],1
2,"[3, 2]","[['H', 'H', 'S']]",1
5,"[10, 10]",[['S']],0
10,"[9, 3]","[['H', 'S']]",0
3,"[5, 6]",[['D']],0
7,"[8, 6]",[['H']],0
11,"[4, 4]",[['N']],0
11,"[6, 4]","[['N', 'H', 'S']]",0
8,"[4, 10]",[['H']],0
10,"[11, 8]",[['S']],1
7,"[6, 8]",[['H']],0
4,"[6, 2]","[['H', 'S']]",0
10,"[6, 3]","[['H', 'S']]",1
10,"[10, 11]",[['S']],1
8,"[6, 8]",[['H']],0
5,"[7, 3]",[['D']],1
11,"[6, 10]",[['N']],0
8,"[10, 9]",[['S']],0
8,"[2, 7]","[['H', 'H', 'S']]",1
3,"[3, 8]",[['D']],0
5,"[5, 8]",[['S']],1
9,"[10, 9]",[['S']],1
7,"[7, 3]",[['D']],1
9,"[11, 8]",[['S']],0
11,"[10, 8]",[['N']],0
11,"[10, 8]","[['N', 'S']]",0
2,"[6, 10]",[['S']],1
10,"[10, 11]",[['S']],1
6,"[10, 9]",[['S']],1
10,"[9, 10]",[['S']],1
10,"[10, 5]",[['R']],0
10,"[10, 10]",[['S']],1
11,"[7, 10]","[['N', 'R']]",0
10,"[10, 7]",[[]],0
6,"[7, 10]",[['S']],1
10,"[10, 4]",[['H']],0
10,"[6, 10]",[['R']],0
3,"[10, 8]",[['S']],1
10,"[10, 10]",[['S']],1
10,"[4, 10]",[['H']],0
2,"[10, 9]",[['S']],1
4,"[3, 6]",[['D']],0
6,"[2, 10]",[['S']],1
10,"[6, 10]",[['R']],0
10,"[7, 2]","[['H', 'S']]",1
10,"[3, 8]",[['D']],0
11,"[2, 10]",[['N']],0
2,"[10, 5]",[['S']],0
2,"[2, 10]",[['H']],0
10,"[10, 10]",[['S']],1
10,"[10, 3]","[['H', 'S']]",1
10,"[6, 10]",[[]],0
2,"[3, 5]","[['H', 'H']]",0
11,"[11, 6]","[['N', 'H', 'S']]",0
2,"[8, 7]",[['S']],0
2,"[10, 10]",[['S']],1
7,"[5, 10]",[['H']],0
7,"[10, 5]",[['H']],0
6,"[11, 10]",[['S']],1
8,"[7, 11]",[['S']],0
6,"[10, 9]",[['S']],1
4,"[10, 9]",[['S']],0
8,"[2, 10]","[['H', 'H']]",0
10,"[2, 5]","[['H', 'H']]",0
6,"[10, 10]",[['S']],1
10,"[11, 9]",[['S']],1
10,"[11, 6]","[['H', 'S']]",0
8,"[10, 3]",[['H']],0
7,"[2, 10]","[['H', 'S']]",1
5,"[10, 10]",[['S']],1
3,"[9, 5]",[['S']],0
9,"[10, 10]",[['S']],0
10,"[5, 2]","[['H', 'H']]",0
9,"[11, 8]",[['S']],0
10,"[11, 10]",[['S']],1
10,"[5, 10]",[['R']],0
6,"[3, 3]","[['P', 'S'], ['D']]",1
8,"[10, 3]","[['H', 'H', 'S']]",1
6,"[2, 4]","[['H', 'H', 'S']]",0
2,"[10, 10]",[['S']],1
10,"[2, 5]",[[]],0
2,"[5, 10]",[['S']],0
10,"[11, 10]",[[]],0
7,"[10, 3]",[['H']],0
2,"[6, 9]",[['S']],0
7,"[3, 3]","[['P', 'H', 'S'], ['H', 'H', 'S']]",1
6,"[3, 10]",[['S']],0
10,"[6, 10]",[['R']],0
4,"[10, 8]",[['S']],0
10,"[9, 3]","[['H', 'H']]",0
10,"[10, 7]",[['S']],0
5,"[10, 7]",[['S']],1
